Date,Open,High,Low,Close,Adj Close,Volume
2016-01-04,14200.0,15540.0,14200.0,15100.0,15100.0,2
2016-01-05,15100.0,15550.0,14500.0,15415.0,15415.0,1
2016-01-06,15500.0,15800.0,14300.0,14350.0,14350.0,1
2016-01-07,14500.0,15850.0,14500.0,15350.0,15350.0,2
2016-01-08,14750.0,14950.0,14500.0,14550.0,14550.0,1
2016-01-11,14500.0,15400.0,13815.0,15400.0,15400.0,3
2016-01-12,14650.0,15300.0,14150.0,14545.0,14545.0,2
2016-01-13,14100.0,15000.0,11900.0,12400.0,12400.0,2
2016-01-14,12100.0,13205.0,12000.0,12500.0,12500.0,2
2016-01-15,12600.0,13100.0,12600.0,13100.0,13100.0,0
2016-01-19,13750.0,15000.0,12850.0,15000.0,15000.0,1
2016-01-20,14980.0,14980.0,14250.0,14545.0,14545.0,1
2016-01-21,19300.0,19300.0,14250.0,14350.0,14350.0,2
2016-01-22,15050.0,15700.0,14250.0,15700.0,15700.0,2
2016-01-25,15250.0,15450.0,14900.0,15000.0,15000.0,0
2016-01-26,15240.0,15240.0,15240.0,15240.0,15240.0,0
2016-01-27,15250.0,16150.0,14985.0,15100.0,15100.0,0
2016-01-28,15050.0,15050.0,13800.0,14500.0,14500.0,1
2016-01-29,15100.0,15100.0,14600.0,15000.0,15000.0,0
2016-02-01,15100.0,15100.0,14900.0,14900.0,14900.0,0
2016-02-02,16200.0,16200.0,14150.0,14550.0,14550.0,1
2016-02-03,15000.0,16200.0,15000.0,16050.0,16050.0,3
2016-02-04,16050.0,16650.0,14600.0,16650.0,16650.0,4
2016-02-05,16450.0,17050.0,16245.0,16950.0,16950.0,3
2016-02-08,17400.0,18450.0,14750.0,18445.0,18445.0,4
2016-02-09,15600.0,19000.0,15600.0,17395.0,17395.0,2
2016-02-10,17350.0,19000.0,17350.0,18350.0,18350.0,1
2016-02-11,17500.0,17500.0,16645.0,17500.0,17500.0,1
2016-02-12,16400.0,17500.0,16300.0,17400.0,17400.0,0
2016-02-16,17400.0,17400.0,17400.0,17400.0,17400.0,0
2016-02-17,16400.0,18950.0,16400.0,18950.0,18950.0,1
2016-02-18,18850.0,18850.0,16500.0,18750.0,18750.0,2
2016-02-19,19000.0,19000.0,18100.0,18965.0,18965.0,1
2016-02-22,17150.0,17205.0,17050.0,17205.0,17205.0,0
2016-02-23,17200.0,17300.0,14600.0,14600.0,14600.0,2
2016-02-24,14550.0,14550.0,5100.0,8500.0,8500.0,158
2016-02-25,8500.0,8500.0,6000.0,6990.0,6990.0,26
2016-02-26,8000.0,8000.0,5250.0,5295.0,5295.0,88
2016-02-29,5000.0,5000.0,2885.0,3150.0,3150.0,170
2016-03-01,3200.0,3200.0,2035.0,2175.0,2175.0,118
2016-03-02,2250.0,2250.0,1355.0,1750.0,1750.0,369
2016-03-03,2050.0,2050.0,1500.0,1650.0,1650.0,217
2016-03-04,1885.0,1885.0,1555.0,1705.0,1705.0,174
2016-03-07,1900.0,1900.0,1425.0,1525.0,1525.0,288
2016-03-08,1400.0,1600.0,1250.0,1495.0,1495.0,756
2016-03-09,1500.0,1525.0,1255.0,1320.0,1320.0,425
2016-03-10,1325.0,1400.0,1000.0,1050.0,1050.0,720
2016-03-11,1050.0,1150.0,860.0,900.0,900.0,548
2016-03-14,900.0,900.0,825.0,890.0,890.0,344
2016-03-15,1000.0,1375.0,840.0,1300.0,1300.0,1856
2016-03-16,1365.0,1400.0,905.0,1040.0,1040.0,844
2016-03-17,950.0,1100.0,930.0,1080.0,1080.0,336
2016-03-18,1125.0,1135.0,1000.0,1080.0,1080.0,217
2016-03-21,1095.0,1095.0,910.0,1000.0,1000.0,382
2016-03-22,1135.0,1150.0,975.0,1000.0,1000.0,373
2016-03-23,1050.0,1075.0,1000.0,1000.0,1000.0,326
2016-03-24,1100.0,1100.0,955.0,1010.0,1010.0,315
2016-03-28,1000.0,1000.0,855.0,900.0,900.0,311
2016-03-29,890.0,945.0,890.0,900.0,900.0,127
2016-03-30,910.0,925.0,875.0,895.0,895.0,158
2016-03-31,900.0,925.0,850.0,865.0,865.0,166
2016-04-01,1000.0,1000.0,860.0,910.0,910.0,304
2016-04-04,1000.0,1000.0,925.0,970.0,970.0,207
2016-04-05,1000.0,1000.0,925.0,925.0,925.0,157
2016-04-06,925.0,975.0,910.0,925.0,925.0,252
2016-04-07,975.0,980.0,930.0,950.0,950.0,265
2016-04-08,975.0,1000.0,900.0,935.0,935.0,308
2016-04-11,950.0,950.0,855.0,880.0,880.0,172
2016-04-12,900.0,945.0,855.0,855.0,855.0,312
2016-04-13,900.0,920.0,850.0,865.0,865.0,257
2016-04-14,910.0,915.0,845.0,850.0,850.0,338
2016-04-15,890.0,1340.0,870.0,1250.0,1250.0,4320
2016-04-18,1425.0,1450.0,1000.0,1025.0,1025.0,3589
2016-04-19,1095.0,1100.0,1000.0,1095.0,1095.0,773
2016-04-20,1120.0,1300.0,1075.0,1150.0,1150.0,2419
2016-04-21,1200.0,1250.0,1160.0,1210.0,1210.0,1039
2016-04-22,1225.0,1250.0,1145.0,1145.0,1145.0,1305
2016-04-25,1240.0,1240.0,1060.0,1115.0,1115.0,1294
2016-04-26,1150.0,1175.0,1005.0,1050.0,1050.0,834
2016-04-27,1010.0,1050.0,950.0,1010.0,1010.0,433
2016-04-28,1000.0,1050.0,970.0,1025.0,1025.0,474
2016-04-29,1030.0,1085.0,1000.0,1050.0,1050.0,600
2016-05-02,1100.0,1225.0,1030.0,1160.0,1160.0,2222
2016-05-03,1200.0,1200.0,1075.0,1115.0,1115.0,836
2016-05-04,1150.0,1150.0,1050.0,1075.0,1075.0,453
2016-05-05,1135.0,1145.0,1025.0,1025.0,1025.0,620
2016-05-06,1075.0,1075.0,1035.0,1070.0,1070.0,349
2016-05-09,1075.0,1100.0,1010.0,1025.0,1025.0,248
2016-05-10,1050.0,1055.0,965.0,965.0,965.0,443
2016-05-11,995.0,1025.0,875.0,950.0,950.0,436
2016-05-12,975.0,975.0,875.0,900.0,900.0,433
2016-05-13,910.0,1060.0,900.0,955.0,955.0,813
2016-05-16,1005.0,1050.0,905.0,925.0,925.0,563
2016-05-17,950.0,975.0,655.0,685.0,685.0,1981
2016-05-18,780.0,790.0,700.0,750.0,750.0,866
2016-05-19,800.0,800.0,700.0,730.0,730.0,511
2016-05-20,700.0,750.0,700.0,705.0,705.0,386
2016-05-23,710.0,740.0,505.0,595.0,595.0,1407
2016-05-24,600.0,950.0,525.0,750.0,750.0,3989
2016-05-25,750.0,800.0,630.0,720.0,720.0,1439
2016-05-26,700.0,725.0,660.0,700.0,700.0,667
2016-05-27,700.0,745.0,650.0,705.0,705.0,328
2016-05-31,740.0,795.0,700.0,710.0,710.0,493
2016-06-01,680.0,700.0,560.0,675.0,675.0,437
2016-06-02,650.0,700.0,650.0,675.0,675.0,246
2016-06-03,700.0,745.0,665.0,695.0,695.0,725
2016-06-06,725.0,740.0,685.0,700.0,700.0,490
2016-06-07,700.0,715.0,660.0,680.0,680.0,229
2016-06-08,700.0,705.0,625.0,645.0,645.0,447
2016-06-09,675.0,685.0,650.0,650.0,650.0,269
2016-06-10,900.0,1000.0,765.0,900.0,900.0,6511
2016-06-13,950.0,1200.0,905.0,1015.0,1015.0,6858
2016-06-14,1100.0,1170.0,850.0,855.0,855.0,4519
2016-06-15,800.0,990.0,775.0,925.0,925.0,1661
2016-06-16,945.0,950.0,820.0,850.0,850.0,944
2016-06-17,850.0,900.0,780.0,800.0,800.0,723
2016-06-20,860.0,950.0,830.0,870.0,870.0,835
2016-06-21,835.0,900.0,800.0,825.0,825.0,876
2016-06-22,775.0,865.0,765.0,805.0,805.0,621
2016-06-23,800.0,805.0,775.0,790.0,790.0,322
2016-06-24,750.0,795.0,670.0,765.0,765.0,618
2016-06-27,850.0,875.0,780.0,790.0,790.0,1054
2016-06-28,835.0,835.0,750.0,795.0,795.0,535
2016-06-29,760.0,835.0,760.0,795.0,795.0,597
2016-06-30,760.0,800.0,750.0,765.0,765.0,510
2016-07-01,750.0,775.0,710.0,740.0,740.0,506
2016-07-05,700.0,800.0,685.0,725.0,725.0,575
2016-07-06,750.0,790.0,705.0,775.0,775.0,1929
2016-07-07,725.0,775.0,715.0,730.0,730.0,932
2016-07-08,755.0,780.0,705.0,725.0,725.0,484
2016-07-11,750.0,760.0,715.0,730.0,730.0,710
2016-07-12,710.0,765.0,710.0,745.0,745.0,730
2016-07-13,730.0,760.0,720.0,730.0,730.0,267
2016-07-14,715.0,735.0,715.0,720.0,720.0,244
2016-07-15,725.0,725.0,700.0,700.0,700.0,331
2016-07-18,700.0,715.0,685.0,690.0,690.0,261
2016-07-19,675.0,690.0,640.0,665.0,665.0,441
2016-07-20,675.0,710.0,665.0,685.0,685.0,166
2016-07-21,700.0,700.0,625.0,665.0,665.0,193
2016-07-22,670.0,675.0,635.0,675.0,675.0,241
2016-07-25,675.0,675.0,640.0,650.0,650.0,203
2016-07-26,625.0,665.0,625.0,635.0,635.0,176
2016-07-27,630.0,670.0,620.0,640.0,640.0,776
2016-07-28,640.0,655.0,625.0,630.0,630.0,485
2016-07-29,650.0,740.0,615.0,705.0,705.0,1190
2016-08-01,700.0,700.0,625.0,655.0,655.0,579
2016-08-02,685.0,690.0,610.0,620.0,620.0,403
2016-08-03,620.0,635.0,600.0,615.0,615.0,322
2016-08-04,615.0,615.0,575.0,595.0,595.0,469
2016-08-05,595.0,595.0,550.0,575.0,575.0,424
2016-08-08,600.0,725.0,565.0,645.0,645.0,1536
2016-08-09,675.0,675.0,600.0,610.0,610.0,460
2016-08-10,640.0,645.0,580.0,595.0,595.0,315
2016-08-11,590.0,610.0,550.0,580.0,580.0,438
2016-08-12,585.0,600.0,560.0,570.0,570.0,444
2016-08-15,565.0,590.0,450.0,475.0,475.0,1599
2016-08-16,490.0,490.0,415.0,450.0,450.0,1071
2016-08-17,445.0,575.0,430.0,485.0,485.0,3438
2016-08-18,490.0,490.0,435.0,460.0,460.0,1017
2016-08-19,485.0,485.0,445.0,450.0,450.0,936
2016-08-22,445.0,470.0,440.0,450.0,450.0,703
2016-08-23,460.0,490.0,435.0,440.0,440.0,792
2016-08-24,445.0,455.0,415.0,435.0,435.0,939
2016-08-25,450.0,455.0,400.0,425.0,425.0,391
2016-08-26,445.0,445.0,410.0,425.0,425.0,433
2016-08-29,435.0,435.0,400.0,400.0,400.0,572
2016-08-30,505.0,865.0,495.0,820.0,820.0,24802
2016-08-31,1020.0,1350.0,900.0,915.0,915.0,19437
2016-09-01,950.0,1050.0,735.0,790.0,790.0,7978
2016-09-02,850.0,960.0,750.0,905.0,905.0,4609
2016-09-06,950.0,1145.0,830.0,1025.0,1025.0,8946
2016-09-07,1100.0,1140.0,975.0,990.0,990.0,7009
2016-09-08,1090.0,1190.0,750.0,920.0,920.0,11801
2016-09-09,950.0,980.0,800.0,845.0,845.0,2492
2016-09-12,895.0,900.0,810.0,850.0,850.0,1496
2016-09-13,825.0,850.0,765.0,810.0,810.0,1536
2016-09-14,835.0,875.0,810.0,845.0,845.0,926
2016-09-15,810.0,850.0,800.0,840.0,840.0,1043
2016-09-16,845.0,1025.0,825.0,1000.0,1000.0,7125
2016-09-19,1050.0,1060.0,885.0,890.0,890.0,3409
2016-09-20,925.0,935.0,850.0,875.0,875.0,1556
2016-09-21,1035.0,1050.0,880.0,915.0,915.0,4295
2016-09-22,920.0,935.0,865.0,885.0,885.0,1615
2016-09-23,900.0,910.0,850.0,880.0,880.0,1484
2016-09-26,880.0,900.0,865.0,880.0,880.0,827
2016-09-27,885.0,885.0,850.0,850.0,850.0,723
2016-09-28,850.0,865.0,800.0,805.0,805.0,841
2016-09-29,850.0,850.0,805.0,825.0,825.0,564
2016-09-30,850.0,850.0,815.0,825.0,825.0,397
2016-10-03,825.0,850.0,805.0,810.0,810.0,392
2016-10-04,805.0,825.0,780.0,815.0,815.0,623
2016-10-05,815.0,815.0,760.0,770.0,770.0,462
2016-10-06,750.0,765.0,600.0,700.0,700.0,1137
2016-10-07,700.0,750.0,680.0,740.0,740.0,302
2016-10-10,725.0,730.0,675.0,700.0,700.0,298
2016-10-11,685.0,740.0,655.0,675.0,675.0,533
2016-10-12,690.0,700.0,570.0,600.0,600.0,849
2016-10-13,600.0,615.0,550.0,570.0,570.0,518
2016-10-14,570.0,645.0,515.0,625.0,625.0,839
2016-10-17,625.0,640.0,590.0,615.0,615.0,278
2016-10-18,625.0,625.0,595.0,620.0,620.0,334
2016-10-19,625.0,625.0,595.0,610.0,610.0,241
2016-10-20,595.0,610.0,575.0,610.0,610.0,149
2016-10-21,615.0,615.0,590.0,600.0,600.0,161
2016-10-24,575.0,600.0,565.0,565.0,565.0,366
2016-10-25,565.0,570.0,550.0,555.0,555.0,243
2016-10-26,550.0,550.0,525.0,525.0,525.0,200
2016-10-27,580.0,825.0,550.0,585.0,585.0,3292
2016-10-28,580.0,580.0,420.0,466.0,466.0,1269
2016-10-31,460.0,460.0,304.0,314.0,314.0,3386
2016-11-01,368.0,542.0,364.0,522.0,522.0,17654
2016-11-02,522.0,828.0,472.799988,670.0,670.0,42997
2016-11-03,658.0,730.0,582.0,606.0,606.0,9776
2016-11-04,590.0,656.0,554.799988,626.0,626.0,3241
2016-11-07,642.0,642.0,582.0,606.0,606.0,1779
2016-11-08,582.0,720.0,576.0,638.0,638.0,5856
2016-11-09,638.0,668.0,602.0,650.0,650.0,1588
2016-11-10,644.0,650.0,614.0,632.0,632.0,742
2016-11-11,618.0,633.400024,560.0,586.0,586.0,1250
2016-11-14,580.0,580.0,522.0,532.0,532.0,1013
2016-11-15,526.0,532.0,486.0,504.0,504.0,1812
2016-11-16,496.0,504.0,440.0,458.0,458.0,1383
2016-11-17,432.0,450.0,424.0,426.0,426.0,679
2016-11-18,452.0,460.0,402.0,402.0,402.0,750
2016-11-21,404.0,448.0,404.0,416.0,416.0,3218
2016-11-22,610.0,1210.0,592.0,948.0,948.0,124025
2016-11-23,840.0,840.0,662.0,730.0,730.0,12173
2016-11-25,718.0,938.0,690.0,867.0,867.0,12988
2016-11-28,860.0,865.799988,690.0,706.0,706.0,6679
2016-11-29,696.0,696.0,550.0,568.0,568.0,10431
2016-11-30,626.0,638.0,520.0,530.0,530.0,6037
2016-12-01,528.0,666.0,522.0,620.0,620.0,12877
2016-12-02,616.0,674.0,600.0,622.0,622.0,5247
2016-12-05,614.0,620.0,578.0,604.0,604.0,1587
2016-12-06,598.0,604.0,564.200012,590.0,590.0,1215
2016-12-07,582.0,616.0,576.599976,590.0,590.0,1535
2016-12-08,630.0,646.0,574.0,588.0,588.0,2984
2016-12-09,588.0,600.0,580.0,580.0,580.0,947
2016-12-12,580.0,606.0,580.0,600.0,600.0,1033
2016-12-13,620.0,620.0,592.0,596.0,596.0,871
2016-12-14,596.0,840.0,578.0,694.0,694.0,30685
2016-12-15,660.0,717.799988,626.400024,672.0,672.0,3257
2016-12-16,656.0,714.0,644.0,700.0,700.0,3598
2016-12-19,700.0,776.0,687.200012,712.0,712.0,2959
2016-12-20,704.0,708.0,644.0,670.0,670.0,1749
2016-12-21,664.0,689.0,644.0,664.0,664.0,576
2016-12-22,656.0,670.0,612.200012,644.0,644.0,711
2016-12-23,650.0,666.200012,640.0,654.0,654.0,459
2016-12-27,660.0,660.0,588.0,592.0,592.0,2083
2016-12-28,598.0,601.799988,550.0,568.0,568.0,1328
2016-12-29,600.0,614.0,552.0,560.0,560.0,1617
2016-12-30,578.0,582.0,552.200012,560.0,560.0,508
2017-01-03,554.0,580.0,528.0,536.0,536.0,944
2017-01-04,528.0,540.0,476.600006,508.0,508.0,2026
2017-01-05,520.0,540.0,490.0,532.0,532.0,1039
2017-01-06,536.0,678.0,508.0,566.0,566.0,8069
2017-01-09,570.0,580.0,538.0,556.0,556.0,1441
2017-01-10,544.0,624.0,522.200012,598.0,598.0,3121
2017-01-11,646.0,690.799988,580.0,616.0,616.0,12959
2017-01-12,610.0,614.0,554.0,564.0,564.0,2377
2017-01-13,496.0,496.0,452.0,478.0,478.0,7057
2017-01-17,486.0,592.0,480.0,514.0,514.0,6307
2017-01-18,508.0,532.0,496.0,522.0,522.0,4195
2017-01-19,514.0,544.0,452.0,484.0,484.0,7976
2017-01-20,470.0,479.799988,452.0,460.0,460.0,1946
2017-01-23,460.0,460.0,414.0,456.0,456.0,1838
2017-01-24,450.0,454.0,430.0,440.0,440.0,759
2017-01-25,434.0,448.200012,428.0,440.0,440.0,895
2017-01-26,436.0,476.0,432.0,468.0,468.0,1606
2017-01-27,466.0,470.0,442.0,444.0,444.0,998
2017-01-30,444.0,460.0,414.0,458.0,458.0,963
2017-01-31,454.0,456.0,430.0,450.0,450.0,878
2017-02-01,442.0,468.0,434.0,456.0,456.0,1335
2017-02-02,452.0,456.0,438.0,444.0,444.0,938
2017-02-03,452.0,452.0,434.200012,446.0,446.0,626
2017-02-06,442.0,446.0,416.0,432.0,432.0,1108
2017-02-07,430.0,458.0,416.0,436.0,436.0,2780
2017-02-08,432.0,444.0,418.0,420.0,420.0,1222
2017-02-09,420.0,444.0,416.0,432.0,432.0,1336
2017-02-10,436.0,454.0,428.0,438.0,438.0,1326
2017-02-13,434.0,440.0,422.0,432.0,432.0,813
2017-02-14,432.0,432.0,422.0,430.0,430.0,429
2017-02-15,424.0,448.0,420.0,432.0,432.0,1073
2017-02-16,426.0,438.0,424.0,430.0,430.0,741
2017-02-17,460.0,466.0,420.0,424.0,424.0,1697
2017-02-21,426.0,426.0,410.0,418.0,418.0,1218
2017-02-22,412.0,428.0,404.0,416.0,416.0,1138
2017-02-23,416.0,416.0,376.0,384.0,384.0,1128
2017-02-24,384.0,396.0,366.0,380.0,380.0,1029
2017-02-27,368.0,384.0,368.0,370.0,370.0,583
2017-02-28,368.0,390.0,350.0,384.0,384.0,1978
2017-03-01,558.0,650.0,468.0,512.0,512.0,75739
2017-03-02,492.0,497.0,430.0,466.0,466.0,6531
2017-03-03,462.0,468.0,430.0,434.0,434.0,3008
2017-03-06,432.0,458.0,400.0,438.0,438.0,4368
2017-03-07,434.0,440.0,404.0,414.0,414.0,1821
2017-03-08,406.0,458.0,406.0,424.0,424.0,4193
2017-03-09,420.0,446.0,416.0,434.0,434.0,2972
2017-03-10,440.0,462.0,414.0,422.0,422.0,4422
2017-03-13,420.0,432.0,410.0,424.0,424.0,1030
2017-03-14,428.0,428.0,410.0,418.0,418.0,952
2017-03-15,412.0,424.0,406.0,416.0,416.0,1990
2017-03-16,452.0,484.0,420.0,426.0,426.0,7474
2017-03-17,420.0,427.0,420.0,426.0,426.0,1066
2017-03-20,428.0,446.399994,422.0,432.0,432.0,1386
2017-03-21,430.0,436.399994,420.0,430.0,430.0,755
2017-03-22,424.0,428.0,400.0,414.0,414.0,936
2017-03-23,416.0,424.0,406.0,414.0,414.0,529
2017-03-24,410.0,419.399994,404.0,408.0,408.0,397
2017-03-27,408.0,416.399994,404.0,414.0,414.0,876
2017-03-28,410.0,440.0,400.0,426.0,426.0,1835
2017-03-29,426.0,434.0,418.0,422.0,422.0,986
2017-03-30,418.0,424.0,412.0,422.0,422.0,249
2017-03-31,418.0,434.0,414.0,420.0,420.0,1299
2017-04-03,420.0,440.0,418.0,436.0,436.0,1626
2017-04-04,432.0,460.799988,422.0,428.0,428.0,1936
2017-04-05,428.0,429.600006,420.0,424.0,424.0,892
2017-04-06,420.0,456.0,418.0,446.0,446.0,5011
2017-04-07,452.0,474.0,434.0,460.0,460.0,4976
2017-04-10,456.0,482.0,452.0,462.0,462.0,2678
2017-04-11,466.0,490.0,428.0,442.0,442.0,5271
2017-04-12,452.0,452.0,430.0,450.0,450.0,1635
2017-04-13,444.0,452.0,432.0,440.0,440.0,728
2017-04-17,436.0,440.600006,424.0,440.0,440.0,1044
2017-04-18,436.0,441.600006,428.0,434.0,434.0,823
2017-04-19,434.0,518.0,424.0,504.0,504.0,8855
2017-04-20,472.0,494.0,433.799988,478.0,478.0,4717
2017-04-21,474.0,484.0,460.0,482.0,482.0,1256
2017-04-24,480.0,482.0,460.200012,468.0,468.0,911
2017-04-25,464.0,468.0,430.0,436.0,436.0,2186
2017-04-26,436.0,440.0,426.0,434.0,434.0,893
2017-04-27,434.0,448.0,434.0,444.0,444.0,642
2017-04-28,440.0,442.0,434.0,436.0,436.0,606
2017-05-01,434.0,450.0,434.0,440.0,440.0,746
2017-05-02,438.0,446.0,434.0,436.0,436.0,418
2017-05-03,436.0,436.0,406.0,410.0,410.0,660
2017-05-04,408.0,426.0,406.0,412.0,412.0,1211
2017-05-05,410.0,412.200012,366.0,394.0,394.0,1766
2017-05-08,398.0,398.0,378.0,394.0,394.0,326
2017-05-09,394.0,394.0,372.0,374.0,374.0,756
2017-05-10,374.0,398.0,370.0,376.0,376.0,1296
2017-05-11,380.0,383.200012,366.0,378.0,378.0,686
2017-05-12,374.0,382.200012,367.399994,380.0,380.0,575
2017-05-15,378.0,408.0,372.0,404.0,404.0,3540
2017-05-16,410.0,410.0,308.0,360.0,360.0,3838
2017-05-17,352.0,378.0,350.0,364.0,364.0,819
2017-05-18,358.0,365.600006,340.0,348.0,348.0,638
2017-05-19,344.0,359.399994,344.0,350.0,350.0,520
2017-05-22,350.0,354.0,340.0,348.0,348.0,235
2017-05-23,348.0,354.0,340.200012,350.0,350.0,182
2017-05-24,350.0,356.0,340.0,344.0,344.0,237
2017-05-25,342.0,359.799988,340.0,346.0,346.0,380
2017-05-26,342.0,354.0,340.0,354.0,354.0,332
2017-05-30,348.0,356.0,340.0,348.0,348.0,505
2017-05-31,346.0,348.0,340.0,348.0,348.0,642
2017-06-01,350.0,376.0,342.0,342.0,342.0,961
2017-06-02,342.0,362.0,342.0,358.0,358.0,401
2017-06-05,354.0,354.0,342.0,346.0,346.0,754
2017-06-06,340.0,350.0,330.399994,348.0,348.0,468
2017-06-07,348.0,348.0,334.0,340.0,340.0,307
2017-06-08,340.399994,345.600006,330.0,334.0,334.0,316
2017-06-09,344.0,348.0,334.0,340.0,340.0,462
2017-06-12,344.0,356.0,336.0,342.0,342.0,329
2017-06-13,342.0,346.0,332.0,332.0,332.0,460
2017-06-14,336.0,340.0,326.0,326.0,326.0,262
2017-06-15,420.0,486.0,338.0,344.0,344.0,37203
2017-06-16,334.0,358.0,320.0,320.0,320.0,2993
2017-06-19,322.0,328.0,302.0,324.0,324.0,860
2017-06-20,318.0,322.0,300.0,304.799988,304.799988,1118
2017-06-21,298.0,300.399994,282.0,286.0,286.0,1074
2017-06-22,300.0,304.0,284.0,294.0,294.0,881
2017-06-23,294.0,312.0,290.0,298.0,298.0,892
2017-06-26,298.0,308.0,284.0,292.0,292.0,516
2017-06-27,288.0,292.0,264.0,282.0,282.0,631
2017-06-28,282.0,284.0,272.0,276.0,276.0,527
2017-06-29,270.0,290.0,262.0,262.0,262.0,1777
2017-06-30,350.0,376.0,294.0,294.0,294.0,26892
2017-07-03,270.0,296.0,270.0,292.0,292.0,1520
2017-07-05,282.0,304.0,282.0,298.0,298.0,948
2017-07-06,288.0,308.0,280.0,292.0,292.0,1006
2017-07-07,294.0,295.799988,270.0,276.0,276.0,887
2017-07-10,270.0,286.0,270.0,280.0,280.0,482
2017-07-11,282.0,286.0,272.0,284.0,284.0,892
2017-07-12,282.0,304.0,282.0,286.0,286.0,1184
2017-07-13,286.0,288.0,280.0,286.0,286.0,354
2017-07-14,280.0,294.0,278.0,290.0,290.0,514
2017-07-17,288.0,312.0,284.0,297.799988,297.799988,621
2017-07-18,298.0,306.0,292.0,298.0,298.0,674
2017-07-19,304.0,319.600006,300.0,308.0,308.0,606
2017-07-20,308.0,318.0,298.0,304.0,304.0,1099
2017-07-21,302.0,322.200012,302.0,320.0,320.0,708
2017-07-24,320.0,332.0,310.0,332.0,332.0,663
2017-07-25,328.0,332.0,316.0,320.0,320.0,465
2017-07-26,332.0,332.0,292.0,314.0,314.0,443
2017-07-27,312.0,338.0,298.0,306.0,306.0,1758
2017-07-28,308.0,328.0,308.0,324.0,324.0,615
2017-07-31,336.0,344.0,320.0,328.0,328.0,1320
2017-08-01,362.0,426.0,300.0,302.0,302.0,14959
2017-08-02,316.0,327.799988,296.0,306.0,306.0,1478
2017-08-03,304.0,312.0,292.0,304.0,304.0,502
2017-08-04,310.0,310.0,290.0,310.0,310.0,719
2017-08-07,324.0,324.0,240.0,292.0,292.0,1108
2017-08-08,298.0,298.0,290.0,296.0,296.0,283
2017-08-09,300.0,302.0,276.0,300.0,300.0,726
2017-08-10,320.0,324.0,300.0,300.0,300.0,1329
2017-08-11,295.600006,308.0,286.0,306.0,306.0,257
2017-08-14,304.0,316.0,294.0,312.0,312.0,858
2017-08-15,310.0,315.200012,300.0,305.600006,305.600006,548
2017-08-16,312.0,318.0,300.0,318.0,318.0,444
2017-08-17,322.0,322.0,302.0,308.0,308.0,291
2017-08-18,314.0,314.0,301.600006,306.0,306.0,272
2017-08-21,304.0,308.799988,292.0,306.0,306.0,198
2017-08-22,308.0,308.0,290.0,292.0,292.0,433
2017-08-23,292.0,296.0,280.0,290.0,290.0,312
2017-08-24,290.0,300.0,286.0,300.0,300.0,248
2017-08-25,310.0,310.0,282.0,284.0,284.0,469
2017-08-28,284.0,291.399994,280.0,282.0,282.0,601
2017-08-29,284.0,285.600006,270.0,276.0,276.0,552
2017-08-30,276.0,282.0,276.0,276.0,276.0,523
2017-08-31,277.0,284.0,277.0,280.0,280.0,263
2017-09-01,284.0,284.0,276.600006,280.0,280.0,127
2017-09-05,280.0,284.0,274.0,282.0,282.0,178
2017-09-06,302.0,310.0,278.0,280.0,280.0,935
2017-09-07,282.0,288.0,278.0,282.0,282.0,374
2017-09-08,286.0,286.0,276.0,280.0,280.0,447
2017-09-11,278.0,282.0,274.0,278.0,278.0,184
2017-09-12,278.0,282.0,274.0,280.0,280.0,391
2017-09-13,280.0,284.0,271.0,280.0,280.0,321
2017-09-14,282.0,284.0,272.0,282.0,282.0,350
2017-09-15,276.0,304.799988,274.0,282.0,282.0,1631
2017-09-18,282.0,290.0,278.0,283.0,283.0,452
2017-09-19,282.0,298.0,276.0,280.0,280.0,488
2017-09-20,280.0,282.0,278.0,282.0,282.0,102
2017-09-21,278.0,290.0,278.0,280.0,280.0,552
2017-09-22,282.200012,282.200012,276.0,280.0,280.0,349
2017-09-25,282.0,288.0,272.0,280.0,280.0,387
2017-09-26,278.0,286.0,278.0,282.0,282.0,193
2017-09-27,282.0,322.0,280.0,286.0,286.0,1564
2017-09-28,284.0,304.600006,284.0,284.0,284.0,483
2017-09-29,296.0,346.0,278.0,290.799988,290.799988,5747
2017-10-02,300.0,304.0,288.0,298.0,298.0,1424
2017-10-03,300.0,316.0,293.799988,304.0,304.0,898
2017-10-04,304.0,318.0,300.0,310.0,310.0,659
2017-10-05,308.0,344.0,304.0,328.0,328.0,1838
2017-10-06,338.0,340.0,324.0,326.0,326.0,747
2017-10-09,330.0,330.0,306.0,316.0,316.0,348
2017-10-10,318.0,328.0,310.0,318.0,318.0,518
2017-10-11,316.0,340.600006,314.0,335.799988,335.799988,745
2017-10-12,340.0,344.0,322.600006,330.0,330.0,711
2017-10-13,338.0,339.799988,312.0,322.0,322.0,1127
2017-10-16,322.0,327.799988,314.0,320.0,320.0,171
2017-10-17,318.0,346.0,318.0,324.0,324.0,779
2017-10-18,320.0,334.0,316.0,322.0,322.0,163
2017-10-19,320.0,328.0,320.0,328.0,328.0,224
2017-10-20,326.0,331.799988,322.0,326.0,326.0,290
2017-10-23,328.0,330.0,318.0,319.399994,319.399994,150
2017-10-24,320.0,326.0,316.0,322.0,322.0,351
2017-10-25,321.799988,346.0,316.0,334.799988,334.799988,1400
2017-10-26,342.0,426.0,338.0,388.0,388.0,8439
2017-10-27,416.0,416.0,340.0,377.799988,377.799988,2619
2017-10-30,376.0,383.399994,360.0,374.0,374.0,514
2017-10-31,374.0,384.0,362.0,376.0,376.0,442
2017-11-01,452.0,500.0,400.0,418.0,418.0,46633
2017-11-02,402.0,410.0,374.0,374.0,374.0,2830
2017-11-03,374.0,412.0,374.0,398.0,398.0,2100
2017-11-06,400.0,400.0,378.0,396.0,396.0,1230
2017-11-07,390.0,398.0,340.0,360.0,360.0,1506
2017-11-08,360.0,360.0,290.0,290.0,290.0,3583
2017-11-09,294.0,360.0,274.0,302.0,302.0,4794
2017-11-10,282.0,302.0,280.0,294.0,294.0,1603
2017-11-13,294.0,298.0,282.0,290.0,290.0,634
2017-11-14,288.0,293.799988,280.0,280.0,280.0,511
2017-11-15,300.0,324.0,276.0,278.0,278.0,1946
2017-11-16,284.0,293.799988,278.0,282.0,282.0,637
2017-11-17,280.0,290.0,278.0,286.0,286.0,357
2017-11-20,286.0,292.0,280.0,283.0,283.0,549
2017-11-21,284.0,288.0,280.0,282.0,282.0,190
2017-11-22,284.0,284.0,278.0,280.0,280.0,398
2017-11-24,280.0,280.0,250.0,266.0,266.0,1404
2017-11-27,268.0,268.0,252.0,252.0,252.0,1207
2017-11-28,274.0,288.0,234.0,258.0,258.0,1681
2017-11-29,260.0,266.0,244.0,254.0,254.0,585
2017-11-30,254.0,274.0,252.0,264.0,264.0,1998
2017-12-01,266.0,266.0,252.0,262.0,262.0,568
2017-12-04,262.0,265.0,254.0,256.0,256.0,426
2017-12-05,256.0,260.0,250.0,250.0,250.0,328
2017-12-06,242.0,260.0,242.0,248.0,248.0,620
2017-12-07,246.0,254.0,240.0,251.600006,251.600006,530
2017-12-08,252.0,252.600006,234.0,242.0,242.0,1013
2017-12-11,234.0,242.0,222.0,230.0,230.0,736
2017-12-12,228.0,228.0,210.0,214.199997,214.199997,1411
2017-12-13,210.0,218.0,198.0,210.0,210.0,1447
2017-12-14,210.0,214.0,202.0,210.0,210.0,466
2017-12-15,212.0,219.399994,208.0,214.0,214.0,808
2017-12-18,224.0,256.0,210.0,228.0,228.0,3055
2017-12-19,242.0,242.0,220.0,228.0,228.0,1338
2017-12-20,250.0,280.0,214.0,218.0,218.0,3881
2017-12-21,220.0,260.0,216.0,236.0,236.0,1861
2017-12-22,234.0,236.0,218.0,220.0,220.0,974
2017-12-26,224.0,225.199997,200.0,210.0,210.0,1208
2017-12-27,210.0,250.0,200.0,230.0,230.0,8507
2017-12-28,214.0,227.600006,208.0,216.0,216.0,2946
2017-12-29,212.0,212.0,202.0,202.0,202.0,2504
2018-01-02,216.0,216.0,194.0,194.199997,194.199997,1588
2018-01-03,200.0,204.0,190.0,195.0,195.0,2459
2018-01-04,236.0,238.0,194.0,198.0,198.0,14297
2018-01-05,190.0,194.0,182.0,187.0,187.0,10829
2018-01-08,190.0,190.0,183.0,189.0,189.0,1696
2018-01-09,190.0,197.600006,184.399994,189.800003,189.800003,3488
2018-01-10,192.0,192.0,184.199997,189.600006,189.600006,2458
2018-01-11,192.0,192.0,186.0,187.0,187.0,1632
2018-01-12,194.0,194.0,187.0,189.600006,189.600006,1966
2018-01-16,190.0,192.0,184.0,185.600006,185.600006,2175
2018-01-17,185.399994,195.0,185.399994,188.0,188.0,2018
2018-01-18,190.0,190.0,183.399994,184.0,184.0,677
2018-01-19,184.0,189.0,184.0,188.0,188.0,1491
2018-01-22,186.0,196.0,178.0,184.0,184.0,3598
2018-01-23,182.0,186.0,180.0,181.0,181.0,1000
2018-01-24,181.0,181.0,178.0,180.800003,180.800003,2295
2018-01-25,184.0,187.800003,176.0,180.0,180.0,2119
2018-01-26,182.0,182.0,174.0,175.0,175.0,1924
2018-01-29,174.0,176.0,166.0,168.0,168.0,1907
2018-01-30,168.0,176.0,168.0,172.0,172.0,1047
2018-01-31,188.399994,294.0,188.0,272.0,272.0,109620
2018-02-01,244.0,274.0,228.0,242.0,242.0,18643
2018-02-02,270.0,300.0,234.0,236.0,236.0,11665
2018-02-05,234.0,268.0,200.0,216.0,216.0,9571
2018-02-06,202.0,226.399994,198.0,214.0,214.0,3505
2018-02-07,216.0,228.0,210.0,221.199997,221.199997,2525
2018-02-08,226.0,234.0,220.0,232.0,232.0,2164
2018-02-09,230.0,230.0,202.0,222.0,222.0,3841
2018-02-12,220.0,254.0,218.0,226.0,226.0,4385
2018-02-13,230.0,232.0,212.0,218.0,218.0,2186
2018-02-14,222.0,230.0,214.0,222.0,222.0,1466
2018-02-15,220.0,231.800003,214.0,220.0,220.0,2120
2018-02-16,220.0,226.0,214.0,220.0,220.0,1439
2018-02-20,220.0,224.0,214.0,214.0,214.0,1093
2018-02-21,214.0,238.0,206.0,222.0,222.0,4590
2018-02-22,220.0,229.800003,216.0,218.0,218.0,817
2018-02-23,218.0,220.0,212.0,215.800003,215.800003,631
2018-02-26,218.0,232.0,210.0,230.0,230.0,2524
2018-02-27,234.0,250.0,226.0,228.0,228.0,3894
2018-02-28,228.0,230.0,224.0,226.0,226.0,876
2018-03-01,228.0,238.0,216.199997,220.0,220.0,1332
2018-03-02,218.0,224.0,210.0,220.0,220.0,538
2018-03-05,218.0,236.0,218.0,234.0,234.0,964
2018-03-06,236.0,258.0,231.399994,248.0,248.0,5103
2018-03-07,246.0,258.0,246.0,254.0,254.0,1098
2018-03-08,256.0,260.0,250.0,254.0,254.0,919
2018-03-09,254.0,274.0,244.0,269.600006,269.600006,3245
2018-03-12,274.0,293.399994,252.0,278.0,278.0,2903
2018-03-13,274.0,294.0,268.0,272.0,272.0,2692
2018-03-14,278.0,279.600006,254.0,254.0,254.0,1411
2018-03-15,254.0,261.399994,238.0,244.0,244.0,1058
2018-03-16,250.0,252.0,234.0,252.0,252.0,1400
2018-03-19,248.0,255.0,220.0,232.0,232.0,1487
2018-03-20,230.0,232.0,212.0,214.0,214.0,2342
2018-03-21,218.0,235.199997,218.0,226.0,226.0,905
2018-03-22,222.0,232.399994,220.0,224.0,224.0,903
2018-03-23,228.0,228.0,216.0,220.0,220.0,1122
2018-03-26,220.0,222.0,210.0,218.0,218.0,736
2018-03-27,218.0,238.0,218.0,224.0,224.0,2091
2018-03-28,222.0,232.0,220.0,230.0,230.0,761
2018-03-29,236.0,268.0,218.0,220.0,220.0,6772
2018-04-02,222.0,231.800003,210.0,224.0,224.0,1115
2018-04-03,214.0,214.0,162.0,162.0,162.0,5234
2018-04-04,164.0,250.0,162.0,202.0,202.0,21172
2018-04-05,204.0,206.0,184.0,193.0,193.0,2659
2018-04-06,190.0,190.0,180.0,183.800003,183.800003,910
2018-04-09,183.800003,190.0,174.0,178.0,178.0,1299
2018-04-10,182.0,190.0,174.0,174.0,174.0,2743
2018-04-11,172.0,183.600006,172.0,180.199997,180.199997,735
2018-04-12,172.199997,185.600006,172.0,185.600006,185.600006,812
2018-04-13,176.0,184.0,176.0,182.600006,182.600006,413
2018-04-16,180.0,190.600006,176.0,181.199997,181.199997,1174
2018-04-17,184.0,186.0,176.399994,178.399994,178.399994,337
2018-04-18,176.399994,180.399994,176.399994,179.199997,179.199997,174
2018-04-19,182.0,182.0,170.0,177.0,177.0,465
2018-04-20,179.600006,179.600006,170.0,177.800003,177.800003,286
2018-04-23,170.0,186.0,162.199997,167.0,167.0,1321
2018-04-24,167.0,182.0,167.0,180.0,180.0,859
2018-04-25,174.0,196.0,174.0,191.600006,191.600006,1778
2018-04-26,191.600006,208.0,186.0,202.0,202.0,1241
2018-04-27,200.0,230.0,196.399994,202.0,202.0,1186
2018-04-30,200.0,208.0,190.0,197.399994,197.399994,506
2018-05-01,195.0,198.199997,187.199997,190.0,190.0,784
2018-05-02,186.0,197.600006,186.0,196.600006,196.600006,246
2018-05-03,186.600006,196.0,186.0,195.800003,195.800003,210
2018-05-04,198.0,202.0,191.0,198.0,198.0,416
2018-05-07,197.0,208.0,197.0,199.600006,199.600006,433
2018-05-08,197.0,199.800003,189.0,196.800003,196.800003,401
2018-05-09,196.0,200.0,187.199997,190.0,190.0,335
2018-05-10,210.0,232.0,192.399994,196.399994,196.399994,4136
2018-05-11,197.0,200.399994,190.0,193.0,193.0,545
2018-05-14,196.0,198.0,192.0,194.0,194.0,325
2018-05-15,200.0,206.0,191.199997,197.600006,197.600006,539
2018-05-16,192.0,197.600006,190.0,194.0,194.0,772
2018-05-17,198.0,198.0,191.0,196.0,196.0,346
2018-05-18,195.0,204.0,194.0,202.0,202.0,352
2018-05-21,202.0,204.0,196.399994,196.399994,196.399994,186
2018-05-22,196.0,202.0,196.0,196.0,196.0,361
2018-05-23,196.0,200.0,192.399994,200.0,200.0,252
2018-05-24,200.0,200.0,190.0,199.800003,199.800003,296
2018-05-25,198.0,236.0,198.0,202.0,202.0,5253
2018-05-29,200.0,208.0,197.0,202.0,202.0,581
2018-05-30,208.0,234.0,202.0,222.0,222.0,2947
2018-05-31,230.0,264.0,214.0,260.0,260.0,5563
2018-06-01,254.0,254.0,222.0,234.0,234.0,2796
2018-06-04,244.0,244.0,224.0,232.0,232.0,647
2018-06-05,230.0,251.800003,230.0,236.0,236.0,962
2018-06-06,238.0,267.0,238.0,250.0,250.0,1309
2018-06-07,256.0,266.0,246.0,254.0,254.0,814
2018-06-08,274.0,274.0,250.0,260.0,260.0,816
2018-06-11,268.0,269.0,248.0,258.0,258.0,649
2018-06-12,266.0,270.0,260.0,260.0,260.0,294
2018-06-13,264.0,264.0,240.0,240.0,240.0,784
2018-06-14,242.0,253.199997,220.0,228.0,228.0,1996
2018-06-15,222.0,236.600006,222.0,224.0,224.0,881
2018-06-18,232.0,232.0,201.399994,206.0,206.0,741
2018-06-19,204.0,219.800003,197.600006,204.0,204.0,1506
2018-06-20,212.0,216.0,206.0,216.0,216.0,264
2018-06-21,216.0,226.600006,216.0,216.0,216.0,694
2018-06-22,222.0,230.399994,216.0,225.399994,225.399994,379
2018-06-25,224.0,228.0,222.0,224.0,224.0,235
2018-06-26,221.399994,227.800003,221.399994,227.800003,227.800003,122
2018-06-27,232.0,254.0,216.0,224.0,224.0,867
2018-06-28,234.0,237.800003,220.0,234.199997,234.199997,1165
2018-06-29,252.0,252.0,218.0,226.0,226.0,1568
2018-07-02,220.0,233.800003,216.0,220.0,220.0,456
2018-07-03,224.0,238.0,222.0,230.199997,230.199997,248
2018-07-05,230.0,238.600006,230.0,230.0,230.0,268
2018-07-06,238.0,255.800003,234.0,240.800003,240.800003,899
2018-07-09,240.0,252.0,230.0,236.0,236.0,310
2018-07-10,246.0,246.0,228.199997,234.0,234.0,239
2018-07-11,246.0,276.0,227.399994,244.199997,244.199997,4934
2018-07-12,244.0,256.0,238.0,250.0,250.0,1009
2018-07-13,306.0,316.0,242.0,260.0,260.0,18200
2018-07-16,240.0,268.0,240.0,242.0,242.0,1726
2018-07-17,242.0,264.0,236.199997,256.0,256.0,2303
2018-07-18,254.0,254.0,240.0,240.0,240.0,752
2018-07-19,240.0,253.0,238.0,240.0,240.0,1213
2018-07-20,248.0,248.0,232.0,236.0,236.0,612
2018-07-23,238.0,243.800003,228.0,229.800003,229.800003,864
2018-07-24,228.0,230.0,222.0,224.0,224.0,788
2018-07-25,224.0,226.0,216.0,220.0,220.0,860
2018-07-26,220.0,226.0,216.0,220.399994,220.399994,487
2018-07-27,222.0,246.0,216.800003,240.0,240.0,1033
2018-07-30,236.0,245.800003,228.0,230.0,230.0,757
2018-07-31,230.0,241.399994,230.0,232.0,232.0,381
2018-08-01,240.0,241.399994,232.0,240.0,240.0,160
2018-08-02,240.0,252.0,234.0,234.0,234.0,395
2018-08-03,236.800003,243.800003,236.0,242.0,242.0,210
2018-08-06,240.0,242.399994,234.0,240.0,240.0,302
2018-08-07,238.0,252.0,232.0,236.199997,236.199997,1303
2018-08-08,240.0,242.0,234.199997,242.0,242.0,256
2018-08-09,242.0,254.0,236.0,244.0,244.0,406
2018-08-10,242.0,256.0,241.800003,246.0,246.0,316
2018-08-13,252.0,260.0,250.0,257.0,257.0,626
2018-08-14,260.0,262.0,246.0,252.0,252.0,781
2018-08-15,242.0,249.800003,234.0,244.0,244.0,639
2018-08-16,238.0,244.0,238.0,243.399994,243.399994,171
2018-08-17,240.0,248.0,236.0,236.0,236.0,250
2018-08-20,240.0,251.800003,231.399994,232.800003,232.800003,439
2018-08-21,236.0,238.0,228.0,230.0,230.0,467
2018-08-22,228.0,236.0,228.0,234.199997,234.199997,140
2018-08-23,234.0,235.399994,230.0,232.0,232.0,408
2018-08-24,232.0,242.399994,232.0,236.0,236.0,223
2018-08-27,236.0,244.0,236.0,242.0,242.0,325
2018-08-28,240.0,248.0,240.0,242.0,242.0,521
2018-08-29,242.0,246.0,240.0,246.0,246.0,215
2018-08-30,240.0,245.600006,240.0,240.0,240.0,109
2018-08-31,244.0,248.0,226.0,226.0,226.0,830
2018-09-04,228.0,236.0,226.199997,230.0,230.0,177
2018-09-05,228.0,230.199997,224.0,226.0,226.0,303
2018-09-06,226.0,234.0,226.0,229.0,229.0,213
2018-09-07,230.0,232.0,224.0,228.0,228.0,369
2018-09-10,226.0,228.0,212.0,221.0,221.0,683
2018-09-11,220.0,228.0,216.0,220.0,220.0,132
2018-09-12,212.0,216.600006,210.0,210.0,210.0,385
2018-09-13,218.0,218.0,200.0,214.0,214.0,722
2018-09-14,220.0,220.0,200.0,200.0,200.0,246
2018-09-17,200.0,214.0,200.0,202.0,202.0,103
2018-09-18,204.0,210.0,203.800003,210.0,210.0,253
2018-09-19,212.0,212.0,196.0,200.0,200.0,502
2018-09-20,200.0,208.0,200.0,202.0,202.0,104
2018-09-21,200.0,210.0,200.0,202.0,202.0,628
2018-09-24,204.0,204.0,198.0,198.0,198.0,316
2018-09-25,198.0,205.0,196.0,198.0,198.0,636
2018-09-26,194.600006,203.600006,190.0,200.0,200.0,246
2018-09-27,220.0,220.0,206.0,212.0,212.0,807
2018-09-28,208.0,219.399994,207.0,212.0,212.0,318
2018-10-01,216.0,216.0,200.0,200.0,200.0,235
2018-10-02,200.0,210.0,196.0,202.0,202.0,745
2018-10-03,200.800003,208.0,200.0,203.0,203.0,209
2018-10-04,200.0,214.0,198.0,211.0,211.0,461
2018-10-05,206.0,210.0,196.0,204.0,204.0,575
2018-10-08,204.0,204.0,196.0,198.0,198.0,380
2018-10-09,204.0,210.0,196.0,196.0,196.0,1079
2018-10-10,197.0,200.0,180.0,184.0,184.0,746
2018-10-11,180.0,191.600006,180.0,182.199997,182.199997,376
2018-10-12,195.800003,195.800003,180.199997,185.800003,185.800003,225
2018-10-15,180.0,182.0,172.0,178.0,178.0,331
2018-10-16,180.0,182.0,174.0,178.0,178.0,419
2018-10-17,184.0,184.0,174.0,176.0,176.0,401
2018-10-18,174.0,182.800003,166.0,169.600006,169.600006,560
2018-10-19,172.0,174.0,166.0,171.800003,171.800003,175
2018-10-22,171.800003,173.600006,167.0,167.0,167.0,122
2018-10-23,166.0,184.0,160.0,184.0,184.0,932
2018-10-24,180.0,180.0,162.0,167.0,167.0,509
2018-10-25,166.800003,176.0,164.0,164.800003,164.800003,181
2018-10-26,166.800003,176.0,166.0,170.0,170.0,256
2018-10-29,176.0,176.0,167.600006,167.600006,167.600006,226
2018-10-30,168.0,180.0,168.0,175.0,175.0,262
2018-10-31,170.199997,172.0,166.399994,169.600006,169.600006,205
2018-11-01,166.0,178.0,165.399994,172.0,172.0,196
2018-11-02,180.0,180.0,168.0,174.0,174.0,817
2018-11-05,178.0,180.0,170.0,170.399994,170.399994,249
2018-11-06,172.0,180.0,170.0,175.800003,175.800003,157
2018-11-07,179.800003,189.0,174.0,174.0,174.0,1306
2018-11-08,182.0,182.0,174.0,175.0,175.0,168
2018-11-09,176.0,188.0,176.0,186.0,186.0,394
2018-11-12,184.0,190.0,174.0,190.0,190.0,530
2018-11-13,181.0,187.199997,180.0,186.0,186.0,237
2018-11-14,193.0,193.0,178.0,178.0,178.0,118
2018-11-15,178.0,178.0,164.0,167.0,167.0,318
2018-11-16,175.399994,175.399994,163.0,164.199997,164.199997,258
2018-11-19,161.600006,180.0,161.600006,180.0,180.0,230
2018-11-20,166.0,177.199997,162.0,162.0,162.0,53
2018-11-21,168.0,170.199997,162.0,166.0,166.0,102
2018-11-23,167.800003,167.800003,162.0,165.600006,165.600006,56
2018-11-26,168.800003,170.0,164.0,164.0,164.0,289
2018-11-27,164.0,169.600006,148.600006,154.0,154.0,448
2018-11-28,158.0,158.399994,150.600006,156.0,156.0,102
2018-11-29,150.0,158.0,150.0,152.0,152.0,123
2018-11-30,151.399994,156.600006,150.0,152.0,152.0,122
2018-12-03,152.0,156.199997,142.0,156.199997,156.199997,290
2018-12-04,157.0,157.0,144.199997,156.0,156.0,155
2018-12-06,150.800003,157.0,130.0,140.0,140.0,262
2018-12-07,140.0,150.199997,140.0,150.0,150.0,375
2018-12-10,156.0,156.0,136.600006,138.600006,138.600006,158
2018-12-11,140.0,140.0,131.0,136.0,136.0,52
2018-12-12,138.0,150.0,138.0,145.600006,145.600006,64
2018-12-13,152.0,152.0,140.0,150.0,150.0,167
2018-12-14,155.600006,155.600006,140.399994,150.0,150.0,80
2018-12-17,144.0,150.0,140.0,146.0,146.0,74
2018-12-18,146.800003,150.0,140.0,140.0,140.0,661
2018-12-19,140.0,140.0,134.199997,134.199997,134.199997,274
2018-12-20,140.0,140.0,120.800003,132.0,132.0,182
2018-12-21,128.0,140.0,120.0,124.0,124.0,280
2018-12-24,120.0,127.199997,120.0,122.599998,122.599998,90
2018-12-26,124.0,130.0,124.0,126.599998,126.599998,98
2018-12-27,126.599998,136.0,126.599998,132.0,132.0,185
2018-12-28,133.0,136.0,122.400002,127.199997,127.199997,382
2018-12-31,134.399994,134.399994,122.0,123.800003,123.800003,192
2019-01-02,124.0,130.0,124.0,130.0,130.0,54
2019-01-03,130.0,130.0,120.400002,124.599998,124.599998,76
2019-01-04,124.0,130.0,122.0,129.600006,129.600006,165
2019-01-07,124.0,132.0,124.0,128.0,128.0,197
2019-01-08,130.199997,136.800003,124.0,129.399994,129.399994,124
2019-01-09,129.399994,148.0,120.0,148.0,148.0,541
2019-01-10,150.0,160.0,134.0,156.0,156.0,221
2019-01-11,156.0,170.0,156.0,169.800003,169.800003,426
2019-01-14,160.0,180.0,160.0,168.0,168.0,191
2019-01-15,168.0,178.0,164.0,164.199997,164.199997,119
2019-01-16,166.800003,178.199997,166.199997,174.399994,174.399994,485
2019-01-17,192.0,220.0,184.0,196.199997,196.199997,5053
2019-01-18,196.0,200.0,187.199997,197.399994,197.399994,727
2019-01-22,198.0,200.0,182.800003,192.0,192.0,981
2019-01-23,192.0,192.600006,182.800003,184.399994,184.399994,443
2019-01-24,186.0,190.0,180.0,187.0,187.0,112
2019-01-25,190.0,210.0,188.199997,194.0,194.0,657
2019-01-28,190.0,198.0,190.0,198.0,198.0,105
2019-01-29,194.600006,204.0,190.399994,204.0,204.0,251
2019-01-30,204.0,220.0,193.199997,210.0,210.0,460
2019-01-31,214.0,219.0,210.0,219.0,219.0,189
2019-02-01,218.0,218.0,210.0,212.0,212.0,97
2019-02-04,212.0,220.0,212.0,216.0,216.0,191
2019-02-05,222.0,230.0,204.0,216.0,216.0,1187
2019-02-06,220.0,220.0,208.0,212.0,212.0,273
2019-02-07,210.0,213.0,194.0,204.0,204.0,377
2019-02-08,204.0,207.0,192.0,194.0,194.0,399
2019-02-11,194.0,194.0,184.0,190.0,190.0,229
2019-02-12,188.0,200.0,188.0,189.0,189.0,174
2019-02-13,188.0,200.0,186.0,198.0,198.0,340
2019-02-14,191.0,204.0,184.800003,192.0,192.0,215
2019-02-15,190.0,196.0,185.199997,190.0,190.0,141
2019-02-19,194.0,204.600006,186.0,186.399994,186.399994,303
2019-02-20,188.0,188.0,180.0,180.0,180.0,258
2019-02-21,180.0,186.0,170.0,178.0,178.0,436
2019-02-22,172.0,180.0,170.199997,176.0,176.0,267
2019-02-25,176.800003,186.0,170.0,172.0,172.0,237
2019-02-26,171.0,186.0,166.0,167.0,167.0,491
2019-02-27,177.0,180.0,170.0,180.0,180.0,459
2019-02-28,184.0,197.0,177.199997,188.0,188.0,239
2019-03-01,191.0,191.0,180.0,180.600006,180.600006,262
2019-03-04,180.0,192.800003,169.0,176.0,176.0,303
2019-03-05,172.399994,180.0,172.0,178.0,178.0,343
2019-03-06,180.0,180.0,172.0,172.0,172.0,152
2019-03-07,164.0,172.0,158.0,165.800003,165.800003,507
2019-03-08,164.0,166.800003,160.0,160.0,160.0,176
2019-03-11,160.0,180.0,160.0,180.0,180.0,216
2019-03-12,174.0,174.0,160.0,170.0,170.0,206
2019-03-13,172.0,175.0,160.600006,162.199997,162.199997,306
2019-03-14,164.0,170.0,160.0,162.199997,162.199997,280
2019-03-15,162.199997,186.0,162.199997,164.0,164.0,1241
2019-03-18,182.0,182.0,164.399994,166.399994,166.399994,494
2019-03-19,174.0,176.0,165.399994,166.399994,166.399994,218
2019-03-20,168.199997,174.0,166.0,170.0,170.0,251
2019-03-21,190.0,192.0,162.399994,168.800003,168.800003,5246
2019-03-22,165.0,170.0,157.0,162.199997,162.199997,1089
2019-03-25,162.0,163.0,156.800003,163.0,163.0,358
2019-03-26,169.600006,169.600006,160.0,160.0,160.0,398
2019-03-27,148.0,161.600006,148.0,152.199997,152.199997,614
2019-03-28,154.0,160.0,154.0,155.0,155.0,685
2019-03-29,154.0,158.0,150.0,150.0,150.0,318
2019-04-01,156.0,159.600006,148.0,154.0,154.0,494
2019-04-02,150.199997,154.0,140.0,145.600006,145.600006,634
2019-04-03,140.0,152.199997,140.0,148.0,148.0,221
2019-04-04,151.600006,151.600006,140.399994,149.600006,149.600006,115
2019-04-05,150.0,160.0,150.0,158.0,158.0,575
2019-04-08,160.0,160.0,140.0,146.399994,146.399994,410
2019-04-09,146.199997,154.199997,140.199997,150.0,150.0,171
2019-04-10,150.0,153.600006,140.0,141.199997,141.199997,171
2019-04-11,142.399994,150.0,142.399994,146.0,146.0,157
2019-04-12,147.600006,155.0,144.199997,150.199997,150.199997,104
2019-04-15,158.0,158.0,146.0,147.0,147.0,109
2019-04-16,152.0,156.0,144.0,150.0,150.0,173
2019-04-17,153.0,156.0,144.0,150.0,150.0,103
2019-04-18,148.0,158.0,144.600006,156.199997,156.199997,396
2019-04-22,156.0,156.0,146.0,146.399994,146.399994,212
2019-04-23,152.0,152.0,146.0,148.0,148.0,104
2019-04-24,146.0,150.0,144.0,144.0,144.0,122
2019-04-25,149.600006,150.0,144.199997,144.399994,144.399994,97
2019-04-26,148.0,150.199997,144.0,148.0,148.0,180
2019-04-29,146.399994,148.600006,144.0,148.600006,148.600006,161
2019-04-30,146.0,153.399994,146.0,146.399994,146.399994,172
2019-05-01,149.399994,155.199997,144.0,144.0,144.0,86
2019-05-02,144.0,148.0,140.0,143.0,143.0,211
2019-05-03,143.0,145.399994,143.0,145.399994,145.399994,40
2019-05-06,145.399994,145.399994,134.199997,134.600006,134.600006,139
2019-05-07,139.600006,142.0,134.199997,136.0,136.0,213
2019-05-08,142.0,142.0,136.0,140.0,140.0,63
2019-05-09,136.0,139.399994,134.0,138.0,138.0,154
2019-05-10,137.600006,142.0,132.0,139.600006,139.600006,291
2019-05-13,138.600006,139.600006,120.400002,130.600006,130.600006,146
2019-05-14,132.0,132.0,122.0,125.599998,125.599998,187
2019-05-15,126.0,132.0,120.400002,124.0,124.0,152
2019-05-16,125.0,128.600006,92.0,100.199997,100.199997,1211
2019-05-17,110.0,130.0,102.0,126.0,126.0,1528
2019-05-20,127.199997,127.199997,110.400002,111.0,111.0,278
2019-05-21,114.0,114.599998,104.0,104.400002,104.400002,211
2019-05-22,110.0,110.0,80.199997,108.0,108.0,1636
2019-05-23,108.0,119.400002,106.0,110.0,110.0,664
2019-05-24,120.0,120.0,110.0,111.0,111.0,1136
2019-05-28,110.0,113.199997,100.400002,100.400002,100.400002,581
2019-05-29,104.0,105.199997,100.0,103.599998,103.599998,93
2019-05-30,100.599998,107.800003,98.0,105.0,105.0,308
2019-05-31,104.0,110.0,104.0,104.599998,104.599998,85
2019-06-03,107.199997,120.0,104.0,104.0,104.0,185
2019-06-04,104.0,111.800003,92.400002,111.800003,111.800003,455
2019-06-05,106.199997,120.0,102.0,120.0,120.0,123
2019-06-06,120.0,120.0,103.0,108.0,108.0,237
2019-06-07,108.0,110.0,106.0,108.0,108.0,329
2019-06-10,114.0,122.0,108.0,120.0,120.0,423
2019-06-11,114.0,120.0,110.0,119.0,119.0,168
2019-06-12,110.199997,128.0,110.0,120.0,120.0,196
2019-06-13,124.0,130.0,121.0,128.0,128.0,381
2019-06-14,110.0,124.0,110.0,122.0,122.0,280
2019-06-17,116.199997,130.0,116.0,128.0,128.0,372
2019-06-18,140.0,140.0,110.0,119.0,119.0,427
2019-06-19,116.199997,134.800003,110.0,110.0,110.0,508
2019-06-20,110.0,119.599998,108.0,108.0,108.0,312
2019-06-21,108.0,111.400002,100.0,104.0,104.0,253
2019-06-24,108.0,118.199997,108.0,108.0,108.0,637
2019-06-25,110.800003,124.0,108.0,110.599998,110.599998,1045
2019-06-26,108.0,139.600006,108.0,134.0,134.0,608
2019-06-27,140.0,160.0,124.0,160.0,160.0,811
2019-06-28,160.0,160.800003,140.0,149.600006,149.600006,596
2019-07-01,154.0,158.0,130.399994,158.0,158.0,398
2019-07-02,158.0,158.199997,150.0,154.0,154.0,317
2019-07-03,158.800003,160.0,132.0,148.0,148.0,385
2019-07-05,141.0,151.800003,141.0,142.199997,142.199997,185
2019-07-08,142.0,150.0,140.0,144.0,144.0,134
2019-07-09,148.0,162.399994,147.0,156.0,156.0,693
2019-07-10,156.0,170.0,156.0,160.0,160.0,1102
2019-07-11,162.0,162.0,130.0,134.0,134.0,1481
2019-07-12,142.0,146.0,132.0,132.199997,132.199997,304
2019-07-15,132.0,137.399994,132.0,136.0,136.0,89
2019-07-16,144.0,146.0,130.0,136.0,136.0,185
2019-07-17,140.0,146.0,135.0,145.0,145.0,479
2019-07-18,152.0,158.0,134.399994,136.600006,136.600006,435
2019-07-19,139.800003,142.399994,130.0,135.0,135.0,287
2019-07-22,135.0,142.800003,130.0,132.0,132.0,185
2019-07-23,130.0,142.800003,130.0,134.399994,134.399994,211
2019-07-24,132.0,139.600006,122.199997,139.600006,139.600006,912
2019-07-25,134.0,138.0,132.0,136.0,136.0,43
2019-07-26,136.0,140.0,130.0,136.0,136.0,232
2019-07-29,132.199997,142.0,122.199997,132.0,132.0,608
2019-07-30,132.0,138.800003,127.199997,132.0,132.0,230
2019-07-31,127.0,138.0,124.0,130.0,130.0,127
2019-08-01,130.0,136.0,130.0,130.0,130.0,23
2019-08-02,136.0,136.0,130.0,130.0,130.0,80
2019-08-05,130.0,130.0,112.599998,120.0,120.0,404
2019-08-06,120.0,136.0,120.0,126.0,126.0,57
2019-08-07,128.0,129.600006,124.0,126.599998,126.599998,136
2019-08-08,130.0,130.0,120.0,126.0,126.0,60
2019-08-09,126.0,130.0,118.0,124.0,124.0,197
2019-08-12,120.0,130.0,120.0,124.0,124.0,149
2019-08-13,124.0,124.0,115.0,119.0,119.0,82
2019-08-14,120.0,124.0,114.0,118.0,118.0,144
2019-08-15,112.0,117.199997,112.0,114.0,114.0,107
2019-08-16,112.599998,119.199997,112.199997,118.0,118.0,23
2019-08-19,118.0,119.0,112.199997,118.199997,118.199997,74
2019-08-20,110.0,128.600006,110.0,128.600006,128.600006,448
2019-08-21,126.0,126.0,110.0,118.800003,118.800003,514
2019-08-22,112.0,119.0,112.0,116.0,116.0,259
2019-08-23,116.0,124.0,116.0,116.400002,116.400002,217
2019-08-26,116.199997,118.0,116.0,118.0,118.0,121
2019-08-27,120.0,122.0,110.199997,114.0,114.0,283
2019-08-28,116.0,120.0,114.0,114.0,114.0,114
2019-08-29,118.0,118.0,110.0,110.0,110.0,53
2019-08-30,112.199997,112.599998,110.199997,110.199997,110.199997,157
2019-09-03,110.0,110.0,86.0,94.0,94.0,615
2019-09-04,96.0,101.800003,94.199997,98.0,98.0,283
2019-09-05,98.0,98.599998,94.0,94.800003,94.800003,122
2019-09-06,94.0,101.0,84.0,99.0,99.0,404
2019-09-09,99.0,102.0,99.0,100.199997,100.199997,66
2019-09-10,100.199997,102.199997,100.0,102.199997,102.199997,177
2019-09-11,102.0,106.0,86.199997,104.0,104.0,335
2019-09-12,104.0,108.0,100.0,100.0,100.0,150
2019-09-13,108.0,110.599998,100.0,108.0,108.0,485
2019-09-16,100.0,110.0,100.0,106.0,106.0,135
2019-09-17,112.0,113.0,104.0,106.0,106.0,192
2019-09-18,104.199997,112.0,104.199997,106.800003,106.800003,190
2019-09-19,108.400002,112.0,104.199997,108.199997,108.199997,179
2019-09-20,110.0,110.0,103.0,104.0,104.0,381
2019-09-23,104.0,106.0,102.0,104.0,104.0,90
2019-09-24,106.0,106.599998,98.0,98.199997,98.199997,193
2019-09-25,90.0,109.400002,90.0,100.0,100.0,327
2019-09-26,103.0,120.0,100.0,113.0,113.0,851
2019-09-27,102.599998,123.599998,102.599998,118.0,118.0,456
2019-09-30,125.0,125.0,101.0,101.0,101.0,498
2019-10-01,102.400002,120.0,102.400002,111.0,111.0,272
2019-10-02,99.400002,104.599998,96.0,100.0,100.0,837
2019-10-03,101.0,104.0,95.599998,96.199997,96.199997,368
2019-10-04,100.0,104.0,96.199997,96.599998,96.599998,84
2019-10-07,96.599998,104.0,90.199997,94.0,94.0,371
2019-10-08,92.0,97.599998,84.400002,94.0,94.0,278
2019-10-09,92.599998,96.0,86.0,92.0,92.0,219
2019-10-10,88.199997,100.0,72.0,90.0,90.0,1978
2019-10-11,92.0,92.0,78.800003,86.0,86.0,176
2019-10-14,85.599998,92.0,85.599998,91.400002,91.400002,45
2019-10-15,92.0,94.0,92.0,92.800003,92.800003,81
2019-10-16,94.0,94.0,83.199997,88.0,88.0,206
2019-10-17,90.0,93.800003,82.0,88.0,88.0,262
2019-10-18,89.199997,93.800003,82.800003,82.800003,82.800003,209
2019-10-21,83.0,89.0,82.0,82.0,82.0,136
2019-10-22,83.599998,84.0,70.400002,84.0,84.0,1596
2019-10-23,84.0,100.0,74.0,86.0,86.0,1086
2019-10-24,84.0,93.0,84.0,86.0,86.0,309
2019-10-25,88.0,90.0,84.0,90.0,90.0,456
2019-10-28,90.0,90.0,78.0,80.400002,80.400002,406
2019-10-29,70.0,89.0,66.400002,80.199997,80.199997,4310
2019-10-30,81.0,85.239998,76.199997,78.099998,78.099998,1180
2019-10-31,80.940002,81.0,71.199997,71.199997,71.199997,580
2019-11-01,71.199997,88.0,71.0,87.0,87.0,2990
2019-11-04,87.0,87.800003,75.260002,87.800003,87.800003,700
2019-11-05,88.0,91.0,86.400002,89.660004,89.660004,3755
2019-11-06,92.199997,107.800003,87.199997,93.199997,93.199997,8030
2019-11-07,93.0,95.0,83.800003,88.199997,88.199997,1325
2019-11-08,85.0,93.959999,85.0,86.0,86.0,1790
2019-11-11,90.0,90.0,76.0,78.0,78.0,1380
2019-11-12,80.5,97.599998,80.5,83.879997,83.879997,2770
2019-11-13,84.199997,84.199997,78.199997,78.5,78.5,1100
2019-11-14,79.0,93.599998,79.0,81.599998,81.599998,2375
2019-11-15,88.0,88.0,75.599998,76.900002,76.900002,1925
2019-11-18,80.0,80.0,67.660004,78.0,78.0,1180
2019-11-19,79.400002,82.440002,67.599998,74.0,74.0,1475
2019-11-20,75.760002,78.199997,75.400002,76.0,76.0,1455
2019-11-21,71.199997,76.68,70.599998,70.599998,70.599998,685
2019-11-22,71.0,74.32,63.919998,69.059998,69.059998,1720
2019-11-25,71.879997,72.980003,64.0,65.599998,65.599998,1890
2019-11-26,66.400002,69.199997,62.0,62.599998,62.599998,1380
2019-11-27,66.779999,66.779999,61.400002,63.0,63.0,985
2019-11-29,65.400002,65.400002,60.799999,61.799999,61.799999,335
2019-12-02,59.599998,61.099998,57.799999,57.900002,57.900002,1935
2019-12-03,57.799999,58.599998,51.82,53.68,53.68,1120
2019-12-04,52.0,60.0,47.0,56.400002,56.400002,4045
2019-12-05,59.799999,68.660004,57.0,60.0,60.0,8830
2019-12-06,65.199997,68.239998,60.0,60.200001,60.200001,2400
2019-12-09,63.0,63.0,60.0,60.0,60.0,1205
2019-12-10,60.0,60.799999,58.799999,59.740002,59.740002,1195
2019-12-11,57.799999,59.0,54.0,57.0,57.0,3475
2019-12-12,58.799999,58.799999,54.0,54.400002,54.400002,2335
2019-12-13,58.279999,61.200001,57.0,57.52,57.52,750
2019-12-16,57.200001,62.200001,57.200001,61.0,61.0,2680
2019-12-17,60.299999,60.299999,56.200001,57.400002,57.400002,585
2019-12-18,58.200001,59.200001,56.0,58.599998,58.599998,740
2019-12-19,56.400002,59.599998,55.200001,55.400002,55.400002,1765
2019-12-20,55.200001,57.200001,54.200001,57.200001,57.200001,1675
2019-12-23,55.880001,58.060001,55.400002,58.0,58.0,805
2019-12-24,56.900002,58.0,56.900002,57.400002,57.400002,635
2019-12-26,57.400002,57.400002,55.0,55.200001,55.200001,760
2019-12-27,56.900002,57.200001,54.0,54.0,54.0,1630
2019-12-30,54.400002,55.0,52.0,54.0,54.0,1025
2019-12-31,54.0,58.0,52.200001,52.200001,52.200001,3345
2020-01-02,55.060001,56.200001,49.200001,50.580002,50.580002,1150
2020-01-03,52.799999,54.459999,46.0,46.599998,46.599998,695
2020-01-06,46.599998,50.799999,45.799999,50.0,50.0,1935
2020-01-07,50.0,54.0,50.0,53.400002,53.400002,2690
2020-01-08,53.400002,55.200001,46.599998,48.400002,48.400002,2210
2020-01-09,51.0,54.0,48.400002,48.400002,48.400002,2110
2020-01-10,50.0,51.400002,50.0,50.400002,50.400002,1590
2020-01-13,49.599998,52.16,47.200001,49.900002,49.900002,850
2020-01-14,50.200001,56.599998,50.200001,55.32,55.32,890
2020-01-15,54.400002,62.799999,54.200001,61.0,61.0,2745
2020-01-16,63.599998,68.0,57.200001,65.0,65.0,4415
2020-01-17,66.0,79.0,66.0,69.599998,69.599998,6310
2020-01-21,67.599998,68.639999,60.139999,63.900002,63.900002,1915
2020-01-22,64.199997,64.199997,60.0,60.0,60.0,360
2020-01-23,58.040001,59.0,51.84,54.400002,54.400002,3400
2020-01-24,56.799999,76.400002,55.0,56.799999,56.799999,13550
2020-01-27,56.799999,59.439999,53.200001,53.200001,53.200001,3810
2020-01-28,53.200001,58.0,50.400002,52.0,52.0,2105
2020-01-29,52.0,52.0,50.0,50.599998,50.599998,1010
2020-01-30,51.919998,53.0,51.200001,52.0,52.0,1445
2020-01-31,52.580002,53.0,48.5,49.0,49.0,1590
2020-02-03,53.400002,53.400002,48.200001,48.599998,48.599998,590
2020-02-04,48.119999,54.400002,48.0,54.400002,54.400002,1120
2020-02-05,58.0,106.0,52.599998,60.939999,60.939999,233015
2020-02-06,71.599998,71.599998,51.0,52.599998,52.599998,28750
2020-02-07,52.0,53.0,47.799999,48.200001,48.200001,11680
2020-02-10,48.0,56.639999,46.220001,54.200001,54.200001,8390
2020-02-11,52.799999,54.02,48.200001,50.799999,50.799999,5860
2020-02-12,50.0,53.799999,49.200001,49.200001,49.200001,3510
2020-02-13,49.200001,52.0,47.0,48.0,48.0,5705
2020-02-14,49.099998,49.799999,47.200001,47.200001,47.200001,2795
2020-02-18,49.799999,51.0,48.0,48.400002,48.400002,2530
2020-02-19,48.799999,49.16,46.400002,46.799999,46.799999,2540
2020-02-20,46.0,48.700001,44.0,45.200001,45.200001,3235
2020-02-21,45.619999,45.619999,42.380001,43.599998,43.599998,3615
2020-02-24,43.799999,52.580002,43.200001,47.0,47.0,4610
2020-02-25,46.580002,47.5,41.400002,44.0,44.0,2615
2020-02-26,41.759998,44.0,41.759998,43.599998,43.599998,1170
2020-02-27,42.599998,42.919998,41.240002,41.400002,41.400002,1265
2020-02-28,42.0,42.0,39.200001,39.200001,39.200001,1260
2020-03-02,43.0,67.800003,40.799999,44.400002,44.400002,37710
2020-03-03,44.400002,47.400002,41.099998,47.0,47.0,3505
2020-03-04,47.0,49.0,44.0,45.599998,45.599998,2070
2020-03-05,44.799999,58.799999,41.48,46.599998,46.599998,27415
2020-03-06,46.799999,52.0,43.200001,49.799999,49.799999,9615
2020-03-09,45.200001,50.0,39.0,44.0,44.0,21615
2020-03-10,44.0,47.799999,40.0,42.0,42.0,10690
2020-03-11,42.0,44.400002,38.619999,42.799999,42.799999,5695
2020-03-12,64.0,88.400002,44.0,45.599998,45.599998,811870
2020-03-13,43.799999,43.799999,32.599998,37.200001,37.200001,47930
2020-03-16,32.799999,33.599998,28.0,30.799999,30.799999,17680
2020-03-17,28.0,33.0,27.200001,30.4,30.4,17760
2020-03-18,30.200001,30.200001,25.0,27.5,27.5,7825
2020-03-19,28.0,31.0,26.0,29.4,29.4,11965
2020-03-20,29.0,29.860001,26.68,27.6,27.6,5695
2020-03-23,28.200001,28.799999,25.0,27.4,27.4,5190
2020-03-24,27.0,29.4,26.0,28.700001,28.700001,4780
2020-03-25,32.200001,35.0,29.6,30.799999,30.799999,13985
2020-03-26,29.6,32.0,29.200001,29.4,29.4,6095
2020-03-27,27.6,30.6,27.4,29.6,29.6,3290
2020-03-30,29.6,43.799999,28.0,36.400002,36.400002,102640
2020-03-31,34.0,38.200001,28.0,31.5,31.5,21070
2020-04-01,29.4,30.9,26.6,28.0,28.0,12120
2020-04-02,28.200001,29.440001,25.6,28.200001,28.200001,12570
2020-04-03,27.0,28.4,26.0,26.200001,26.200001,6805
2020-04-06,26.4,28.6,26.4,27.799999,27.799999,6005
2020-04-07,26.799999,35.599998,26.0,29.799999,29.799999,65985
2020-04-08,29.0,29.139999,26.6,28.0,28.0,11315
2020-04-09,28.0,29.200001,26.4,28.0,28.0,12130
2020-04-13,27.4,31.6,27.0,31.4,31.4,25575
2020-04-14,31.4,35.0,27.6,33.400002,33.400002,31150
2020-04-15,33.299999,33.599998,27.799999,29.4,29.4,11185
2020-04-16,29.6,30.6,28.08,30.4,30.4,3695
2020-04-17,29.6,30.200001,28.6,28.799999,28.799999,7510
2020-04-20,29.0,30.0,28.0,29.799999,29.799999,9095
2020-04-21,29.799999,31.6,28.0,28.6,28.6,20625
2020-04-22,29.799999,30.299999,27.4,27.6,27.6,16320
2020-04-23,27.799999,29.0,26.200001,26.299999,26.299999,20365
2020-04-24,27.0,27.299999,25.799999,26.200001,26.200001,16725
2020-04-27,26.4,27.0,26.0,26.200001,26.200001,10200
2020-04-28,26.4,30.0,26.4,28.0,28.0,54645
2020-04-29,28.200001,29.4,26.4,27.4,27.4,16675
2020-04-30,27.0,29.799999,26.4,29.6,29.6,55375
2020-05-01,30.0,32.200001,27.6,28.799999,28.799999,72010
2020-05-04,28.200001,30.799999,27.74,29.6,29.6,19400
2020-05-05,29.200001,30.200001,28.4,29.200001,29.200001,10340
2020-05-06,38.0,39.0,28.6,30.0,30.0,531630
2020-05-07,27.0,27.4,25.6,25.799999,25.799999,110225
2020-05-08,26.4,27.200001,25.799999,26.200001,26.200001,47180
2020-05-11,26.6,27.200001,25.799999,26.6,26.6,41505
2020-05-12,26.6,29.139999,26.200001,28.4,28.4,138750
2020-05-13,29.200001,29.200001,26.5,27.799999,27.799999,54735
2020-05-14,31.6,31.6,26.200001,28.0,28.0,184135
2020-05-15,27.200001,28.200001,26.6,27.4,27.4,28730
2020-05-18,27.200001,28.0,26.6,28.0,28.0,23470
2020-05-19,27.200001,32.0,27.200001,29.200001,29.200001,120130
2020-05-20,29.799999,31.6,29.200001,31.0,31.0,46515
2020-05-21,30.6,31.200001,29.4,30.4,30.4,27670
2020-05-22,30.200001,31.0,29.200001,29.799999,29.799999,27865
2020-05-26,30.799999,34.0,30.0,33.200001,33.200001,78380
2020-05-27,33.400002,34.200001,30.0,32.400002,32.400002,29510
2020-05-28,32.0,32.400002,30.200001,30.200001,30.200001,20815
2020-05-29,30.0,32.0,30.0,30.799999,30.799999,18430
2020-06-01,31.200001,33.099998,31.200001,32.0,32.0,32845
2020-06-02,33.0,33.599998,30.9,33.599998,33.599998,63880
2020-06-03,34.0,35.799999,33.200001,34.0,34.0,45700
2020-06-04,33.599998,34.400002,31.4,32.200001,32.200001,43420
2020-06-05,32.400002,35.400002,31.799999,34.599998,34.599998,33630
2020-06-08,35.400002,37.400002,33.200001,36.400002,36.400002,62685
2020-06-09,35.799999,38.400002,34.200001,36.599998,36.599998,42010
2020-06-10,37.400002,37.599998,34.799999,35.599998,35.599998,31465
2020-06-11,34.0,34.599998,32.0,34.0,34.0,40635
2020-06-12,34.400002,35.0,31.6,33.400002,33.400002,20750
2020-06-15,33.400002,36.860001,33.200001,35.0,35.0,45530
2020-06-16,36.0,36.0,32.599998,34.599998,34.599998,36195
2020-06-17,34.200001,35.5,32.400002,34.400002,34.400002,26760
2020-06-18,36.799999,41.599998,36.0,39.799999,39.799999,185515
2020-06-19,38.400002,40.0,36.599998,37.799999,37.799999,57060
2020-06-22,38.200001,41.0,37.400002,39.799999,39.799999,33340
2020-06-23,40.200001,41.0,38.400002,39.200001,39.200001,44865
2020-06-24,38.200001,39.66,35.0,36.0,36.0,47980
2020-06-25,36.400002,38.400002,36.0,37.200001,37.200001,16855
2020-06-26,37.599998,37.599998,35.200001,35.400002,35.400002,22690
2020-06-29,35.599998,36.200001,34.0,34.200001,34.200001,21515
2020-06-30,34.200001,35.0,32.599998,32.799999,32.799999,28880
2020-07-01,32.599998,32.939999,30.6,30.799999,30.799999,52890
2020-07-02,30.4,31.4,28.5,29.200001,29.200001,48370
2020-07-06,29.4,31.200001,29.0,29.4,29.4,19190
2020-07-07,30.4,32.799999,29.4,31.200001,31.200001,89320
2020-07-08,31.4,31.4,29.799999,30.58,30.58,21735
2020-07-09,31.200001,31.4,29.0,29.799999,29.799999,21800
2020-07-10,29.4,30.0,28.299999,29.200001,29.200001,18550
2020-07-13,29.6,29.6,28.4,28.799999,28.799999,19230
2020-07-14,30.0,30.4,28.4,28.799999,28.799999,51715
2020-07-15,28.799999,29.700001,28.4,29.0,29.0,19345
2020-07-16,28.799999,32.400002,28.200001,31.200001,31.200001,53660
2020-07-17,31.559999,32.0,30.200001,31.200001,31.200001,27675
2020-07-20,30.799999,36.0,30.200001,34.599998,34.599998,175865
2020-07-21,34.400002,37.0,31.4,34.799999,34.799999,120790
2020-07-22,35.400002,37.0,32.34,34.599998,34.599998,58420
2020-07-23,34.400002,35.0,31.0,32.799999,32.799999,43930
2020-07-24,32.400002,38.0,31.6,33.400002,33.400002,105080
2020-07-27,34.200001,36.599998,33.0,35.0,35.0,67745
2020-07-28,34.799999,34.799999,32.400002,32.799999,32.799999,47775
2020-07-29,32.0,33.799999,31.4,31.6,31.6,52645
2020-07-30,31.0,31.6,29.799999,30.6,30.6,39475
2020-07-31,32.200001,33.0,31.0,32.400002,32.400002,47530
2020-08-03,32.200001,32.400002,30.799999,31.200001,31.200001,34360
2020-08-04,31.4,35.799999,31.200001,33.400002,33.400002,115590
2020-08-05,33.799999,35.0,33.200001,33.799999,33.799999,59295
2020-08-06,33.799999,33.799999,32.799999,33.0,33.0,28855
2020-08-07,32.799999,34.599998,32.799999,34.400002,34.400002,46975
2020-08-10,34.799999,35.0,33.599998,34.0,34.0,30135
2020-08-11,30.6,32.0,30.0,31.4,31.4,95200
2020-08-12,31.0,31.1,29.200001,29.799999,29.799999,28080
2020-08-13,29.799999,29.799999,27.0,28.4,28.4,58660
2020-08-14,26.0,28.18,26.0,27.0,27.0,51690
2020-08-17,27.0,27.0,26.0,26.0,26.0,22920
2020-08-18,26.799999,28.4,23.0,24.799999,24.799999,150100
2020-08-19,24.200001,24.74,23.4,23.4,23.4,34455
2020-08-20,23.4,24.200001,22.0,22.6,22.6,56355
2020-08-21,22.4,23.0,22.200001,22.6,22.6,19900
2020-08-24,22.6,23.0,22.0,23.0,23.0,23745
2020-08-25,22.799999,23.799999,22.6,23.6,23.6,26395
2020-08-26,23.6,23.940001,23.0,23.4,23.4,15040
2020-08-27,23.0,23.379999,22.4,23.0,23.0,12220
2020-08-28,23.0,23.379999,22.200001,22.6,22.6,6405
2020-08-31,22.4,22.4,21.0,21.6,21.6,17120
2020-09-01,21.4,21.4,16.799999,18.559999,18.559999,94395
2020-09-02,18.4,19.200001,17.6,18.6,18.6,23610
2020-09-03,18.4,18.4,17.24,17.799999,17.799999,23415
2020-09-04,17.700001,18.58,16.200001,17.459999,17.459999,18775
2020-09-08,17.0,17.799999,16.42,17.5,17.5,9650
2020-09-09,17.799999,18.0,17.0,17.0,17.0,9135
2020-09-10,17.0,18.0,16.639999,17.4,17.4,13035
2020-09-11,17.42,17.799999,16.799999,16.9,16.9,7700
2020-09-14,16.799999,17.58,16.200001,16.9,16.9,14075
2020-09-15,17.18,17.799999,16.52,17.200001,17.200001,13810
2020-09-16,17.24,19.540001,17.08,17.9,17.9,30460
2020-09-17,17.74,19.379999,17.74,17.84,17.84,31550
2020-09-18,17.799999,18.200001,17.200001,17.200001,17.200001,12935
2020-09-21,17.200001,17.799999,16.799999,17.1,17.1,17910
2020-09-22,17.1,17.4,16.799999,16.92,16.92,123730
2020-09-23,21.200001,23.0,18.32,19.74,19.74,1803835
2020-09-24,16.799999,20.799999,16.6,18.76,18.76,219030
2020-09-25,17.4,18.200001,17.120001,17.120001,17.120001,40750
2020-09-28,17.280001,17.4,16.219999,16.58,16.58,37365
2020-09-29,16.76,17.0,16.299999,16.559999,16.559999,19180
2020-09-30,16.6,16.9,16.200001,16.280001,16.280001,16480
2020-10-01,15.8,16.280001,15.8,16.200001,16.200001,20910
2020-10-02,14.8,15.92,14.62,15.32,15.32,21845
2020-10-05,15.5,16.0,15.0,15.1,15.1,17700
2020-10-06,15.8,16.200001,15.2,15.6,15.6,22630
2020-10-07,15.6,15.98,15.4,15.8,15.8,17415
2020-10-08,15.66,15.98,15.6,15.82,15.82,11070
2020-10-09,16.0,16.74,16.0,16.200001,16.200001,29980
2020-10-12,16.200001,16.5,15.84,16.040001,16.040001,14545
2020-10-13,16.1,16.24,15.34,15.46,15.46,17515
2020-10-14,15.94,16.379999,15.4,15.88,15.88,11785
2020-10-15,15.62,15.88,15.16,15.52,15.52,11095
2020-10-16,15.56,15.8,15.4,15.76,15.76,3780
2020-10-19,15.76,16.0,15.06,15.4,15.4,6525
2020-10-20,15.4,15.6,15.04,15.26,15.26,7595
2020-10-21,15.2,16.76,14.8,16.4,16.4,34725
2020-10-22,16.379999,17.0,16.02,16.74,16.74,36235
2020-10-23,16.76,17.780001,16.620001,17.200001,17.200001,38280
2020-10-26,17.26,17.26,15.6,16.08,16.08,27120
2020-10-27,16.200001,16.4,15.4,15.76,15.76,15655
2020-10-28,15.4,15.5,14.2,14.36,14.36,22935
2020-10-29,14.4,14.94,13.78,14.38,14.38,13600
2020-10-30,14.12,14.4,13.4,13.72,13.72,13795
2020-11-02,13.64,14.4,13.44,14.0,14.0,12305
2020-11-03,13.9,14.4,13.9,14.38,14.38,5505
2020-11-04,14.48,14.78,13.6,13.96,13.96,14105
2020-11-05,13.76,13.88,12.6,13.6,13.6,20385
2020-11-06,13.5,13.58,12.6,13.2,13.2,12670
2020-11-09,13.6,14.0,13.02,13.24,13.24,8790
2020-11-10,13.2,13.8,13.2,13.62,13.62,2880
2020-11-11,13.92,14.4,13.46,13.6,13.6,15215
2020-11-12,13.8,14.28,13.6,13.78,13.78,6055
2020-11-13,13.8,14.0,13.2,13.96,13.96,12230
2020-11-16,13.8,14.4,13.6,13.6,13.6,7490
2020-11-17,13.6,13.76,13.1,13.28,13.28,8830
2020-11-18,13.34,13.84,13.3,13.7,13.7,6390
2020-11-19,14.0,14.0,13.4,13.54,13.54,5280
2020-11-20,13.2,14.0,13.04,13.7,13.7,14930
2020-11-23,13.84,14.34,13.5,13.9,13.9,19760
2020-11-24,14.04,14.4,13.6,13.66,13.66,14920
2020-11-25,13.82,14.8,13.82,14.3,14.3,15465
2020-11-27,14.5,15.4,14.2,14.8,14.8,20415
2020-11-30,14.6,15.0,13.82,14.04,14.04,31795
2020-12-01,14.4,16.799999,14.2,14.74,14.74,122475
2020-12-02,15.54,15.6,14.4,14.8,14.8,37450
2020-12-03,14.92,15.0,14.0,14.46,14.46,21355
2020-12-04,14.8,15.3,14.4,15.0,15.0,45375
2020-12-07,15.28,15.28,14.2,14.4,14.4,30340
2020-12-08,14.3,14.3,13.58,13.94,13.94,26180
2020-12-09,14.0,16.98,13.04,15.14,15.14,209695
2020-12-10,15.1,15.56,14.24,14.76,14.76,63700
2020-12-11,14.56,14.84,14.22,14.74,14.74,21560
2020-12-14,14.42,14.74,14.3,14.5,14.5,11660
2020-12-15,14.6,14.68,13.68,14.02,14.02,23565
2020-12-16,14.02,14.7,13.74,14.02,14.02,19290
2020-12-17,14.0,14.52,13.86,13.9,13.9,22210
2020-12-18,13.94,14.38,13.9,13.9,13.9,18860
2020-12-21,13.62,13.98,13.44,13.5,13.5,20420
2020-12-22,13.64,13.72,13.0,13.2,13.2,20515
2020-12-23,13.38,18.4,13.2,15.38,15.38,591145
2020-12-24,15.58,16.200001,13.5,14.2,14.2,76475
2020-12-28,14.2,14.74,13.62,13.92,13.92,45960
2020-12-29,13.84,14.0,13.22,13.7,13.7,55660
2020-12-30,13.2,14.12,13.2,13.94,13.94,41680
2020-12-31,14.7,16.5,14.18,14.64,14.64,144505
2021-01-04,14.4,15.32,14.2,14.4,14.4,51985
2021-01-05,15.0,17.299999,14.94,17.0,17.0,209125
2021-01-06,17.200001,17.799999,15.4,15.9,15.9,154545
2021-01-07,16.799999,17.200001,15.38,15.96,15.96,128020
2021-01-08,14.6,15.92,14.2,15.8,15.8,293770
2021-01-11,16.059999,18.0,15.48,18.0,18.0,157710
2021-01-12,17.34,22.6,17.280001,18.4,18.4,382450
2021-01-13,19.6,19.6,17.360001,18.059999,18.059999,101725
2021-01-14,18.32,18.799999,17.0,18.58,18.58,116015
2021-01-15,18.6,20.200001,18.200001,20.0,20.0,131855
2021-01-19,19.4,23.0,18.42,20.799999,20.799999,376840
2021-01-20,22.799999,24.799999,21.0,24.799999,24.799999,408215
2021-01-21,27.5,31.6,24.200001,27.4,27.4,637575
2021-01-22,24.5,27.799999,23.200001,27.200001,27.200001,436240
2021-01-25,29.0,29.0,25.0,27.200001,27.200001,287185
2021-01-26,27.799999,28.200001,26.0,26.6,26.6,181785
2021-01-27,24.620001,25.6,22.200001,23.4,23.4,217445
2021-01-28,24.0,25.200001,22.200001,23.6,23.6,158100
2021-01-29,23.0,23.200001,20.799999,20.799999,20.799999,177855
2021-02-01,22.4,24.0,21.799999,23.6,23.6,132875
2021-02-02,23.6,26.4,22.6,24.6,24.6,270775
2021-02-03,25.200001,25.6,24.4,24.6,24.6,83135
2021-02-04,25.6,28.799999,24.799999,28.0,28.0,226050
2021-02-05,30.0,30.26,26.0,26.6,26.6,262735
2021-02-08,28.360001,33.599998,27.6,31.799999,31.799999,454790
2021-02-09,33.599998,33.799999,30.4,33.0,33.0,234600
2021-02-10,34.200001,43.0,31.799999,37.200001,37.200001,727810
2021-02-11,35.200001,38.200001,33.0,37.0,37.0,504790
2021-02-12,36.599998,36.799999,35.0,36.599998,36.599998,133975
2021-02-16,36.599998,37.0,32.200001,32.799999,32.799999,324865
2021-02-17,35.799999,46.0,32.200001,44.0,44.0,998055
2021-02-18,38.400002,44.0,37.279999,38.599998,38.599998,625135
2021-02-19,39.0,41.200001,36.0,36.400002,36.400002,340985
2021-02-22,35.599998,37.0,33.200001,33.200001,33.200001,193970
2021-02-23,28.4,31.58,25.0,29.799999,29.799999,285835
2021-02-24,31.200001,32.400002,30.0,31.4,31.4,155770
2021-02-25,34.0,34.599998,28.4,29.4,29.4,242345
2021-02-26,29.4,30.6,26.6,29.4,29.4,153380
2021-03-01,30.200001,32.799999,30.200001,32.0,32.0,120550
2021-03-02,33.200001,35.400002,31.200001,35.200001,35.200001,272375
2021-03-03,34.400002,35.400002,30.0,30.799999,30.799999,192165
2021-03-04,29.540001,29.799999,24.200001,25.0,25.0,245080
2021-03-05,26.4,26.799999,18.719999,24.4,24.4,418800
2021-03-08,25.200001,29.200001,24.0,27.4,27.4,226140
2021-03-09,27.0,31.799999,26.799999,31.0,31.0,173545
2021-03-10,31.0,33.400002,29.6,33.0,33.0,166740
2021-03-11,34.0,36.799999,32.240002,35.0,35.0,192005
2021-03-12,32.799999,35.400002,32.799999,33.400002,33.400002,79390
2021-03-15,33.400002,34.0,30.4,32.400002,32.400002,140450
2021-03-16,30.200001,32.0,29.6,29.799999,29.799999,103150
2021-03-17,30.0,32.0,28.4,31.0,31.0,63795
2021-03-18,30.4,31.799999,29.0,29.200001,29.200001,46860
2021-03-19,29.200001,31.200001,27.799999,29.0,29.0,87655
2021-03-22,30.200001,30.76,28.4,28.4,28.4,46715
2021-03-23,29.6,29.6,26.4,26.6,26.6,143645
2021-03-24,28.0,28.0,23.6,24.4,24.4,148785
2021-03-25,22.4,25.4,22.4,24.6,24.6,121525
2021-03-26,25.0,25.799999,23.200001,24.200001,24.200001,57335
2021-03-29,24.799999,25.0,21.799999,22.0,22.0,109930
2021-03-30,21.799999,23.0,20.799999,22.4,22.4,70775
2021-03-31,23.0,24.200001,23.0,24.200001,24.200001,60735
2021-04-01,25.0,29.6,23.0,29.4,29.4,194605
2021-04-05,28.0,29.0,25.0,28.0,28.0,185345
2021-04-06,28.6,28.799999,26.4,27.0,27.0,84460
2021-04-07,27.0,27.4,24.200001,24.6,24.6,111570
2021-04-08,24.799999,28.799999,23.6,28.200001,28.200001,346935
2021-04-09,30.799999,31.799999,28.0,29.799999,29.799999,638290
2021-04-12,30.6,30.6,24.6,26.200001,26.200001,335620
2021-04-13,26.200001,26.6,25.0,26.0,26.0,106975
2021-04-14,25.799999,26.0,23.200001,23.6,23.6,231755
2021-04-15,23.799999,24.6,22.4,22.6,22.6,138565
2021-04-16,23.0,23.040001,20.4,21.6,21.6,202200
2021-04-19,20.6,21.4,19.219999,21.0,21.0,150670
2021-04-20,20.6,20.799999,18.559999,19.08,19.08,193260
2021-04-21,19.299999,22.0,19.200001,21.799999,21.799999,207605
2021-04-22,22.639999,23.0,20.4,21.6,21.6,148225
2021-04-23,21.4,22.4,20.4,21.6,21.6,116510
2021-04-26,21.200001,23.4,21.0,23.4,23.4,91510
2021-04-27,22.799999,23.18,21.200001,22.200001,22.200001,70020
2021-04-28,21.6,22.799999,21.4,22.799999,22.799999,75040
2021-04-29,22.6,23.0,21.6,22.4,22.4,48050
2021-04-30,22.0,22.4,21.6,22.0,22.0,42490
2021-05-03,22.0,22.040001,21.0,21.6,21.6,57555
2021-05-04,21.200001,21.799999,20.200001,21.6,21.6,48600
2021-05-05,21.6,21.940001,20.700001,21.200001,21.200001,28540
2021-05-06,21.4,21.4,20.0,20.4,20.4,56790
2021-05-07,20.200001,21.0,20.0,20.4,20.4,29775
2021-05-10,20.0,20.200001,19.200001,19.4,19.4,69920
2021-05-11,18.139999,19.92,18.0,19.1,19.1,57570
2021-05-12,18.200001,19.4,17.280001,17.6,17.6,157235
2021-05-13,18.0,18.780001,15.8,16.799999,16.799999,183855
2021-05-14,17.200001,18.0,17.0,17.379999,17.379999,57255
2021-05-17,17.4,17.6,16.200001,16.98,16.98,61090
2021-05-18,17.559999,21.799999,16.9,21.4,21.4,173485
2021-05-19,20.200001,20.799999,18.799999,19.82,19.82,72425
2021-05-20,19.6,21.799999,19.6,21.799999,21.799999,92145
2021-05-21,21.0,22.799999,20.4,22.799999,22.799999,111120
2021-05-24,23.0,23.0,21.200001,21.799999,21.799999,45170
2021-05-25,22.0,22.0,21.0,21.0,21.0,37350
2021-05-26,21.0,21.799999,20.4,21.4,21.4,35545
2021-05-27,21.6,22.799999,21.0,22.799999,22.799999,51070
2021-05-28,22.799999,23.799999,22.6,23.6,23.6,40190
2021-06-01,23.200001,26.6,23.0,25.0,25.0,77970
2021-06-02,26.0,28.0,25.200001,27.799999,27.799999,104205
2021-06-03,27.4,29.0,26.6,28.0,28.0,112340
2021-06-04,28.200001,31.0,27.0,31.0,31.0,146765
2021-06-07,32.200001,32.799999,30.6,31.6,31.6,138950
2021-06-08,32.200001,32.200001,28.799999,31.0,31.0,121135
2021-06-09,31.6,31.6,29.799999,30.799999,30.799999,83070
2021-06-10,31.6,31.6,28.200001,30.200001,30.200001,70425
2021-06-11,30.0,30.4,25.0,25.0,25.0,226145
2021-06-14,25.6,25.799999,21.799999,22.200001,22.200001,630610
2021-06-15,22.4,22.58,19.799999,20.6,20.6,265060
2021-06-16,21.6,22.799999,21.6,22.4,22.4,210340
2021-06-17,19.879999,20.4,19.6,20.200001,20.200001,752615
2021-06-18,20.4,20.6,19.58,20.200001,20.200001,177500
2021-06-21,20.200001,20.4,18.700001,20.4,20.4,145545
2021-06-22,19.82,20.6,19.620001,20.6,20.6,106165
2021-06-23,20.799999,21.4,20.200001,20.6,20.6,105885
2021-06-24,20.799999,22.0,20.0,21.799999,21.799999,126455
2021-06-25,21.0,21.799999,20.799999,21.799999,21.799999,58915
2021-06-28,21.6,21.799999,21.200001,21.799999,21.799999,50375
2021-06-29,21.799999,21.799999,20.0,20.799999,20.799999,119275
2021-06-30,24.0,28.0,22.6,26.200001,26.200001,1206720
2021-07-01,27.799999,28.0,23.799999,25.799999,25.799999,586250
2021-07-02,25.200001,25.4,23.200001,24.200001,24.200001,213430
2021-07-06,23.6,24.4,23.200001,23.6,23.6,101590
2021-07-07,23.799999,24.16,22.0,23.0,23.0,145520
2021-07-08,22.0,23.6,21.4,23.6,23.6,83925
2021-07-09,24.200001,25.4,23.4,23.799999,23.799999,114325
2021-07-12,24.4,24.4,22.66,23.4,23.4,73880
2021-07-13,23.0,23.200001,22.4,22.6,22.6,62260
2021-07-14,23.4,23.4,21.799999,22.4,22.4,91620
2021-07-15,23.0,25.6,21.799999,24.0,24.0,126550
2021-07-16,24.0,24.0,22.6,23.0,23.0,66915
2021-07-19,22.4,23.0,21.799999,23.0,23.0,64310
2021-07-20,22.6,23.799999,22.200001,22.799999,22.799999,96005
2021-07-21,23.26,24.799999,23.200001,24.6,24.6,158730
2021-07-22,24.799999,25.0,23.4,24.6,24.6,104785
2021-07-23,24.200001,24.200001,23.0,23.6,23.6,85195
2021-07-26,24.0,24.0,23.0,23.4,23.4,74390
2021-07-27,23.6,23.6,22.6,23.0,23.0,39505
2021-07-28,23.0,23.700001,22.799999,23.6,23.6,24695
2021-07-29,23.6,24.0,23.0,23.200001,23.200001,50600
2021-07-30,23.200001,23.4,22.6,22.6,22.6,35400
2021-08-02,22.799999,23.200001,22.6,22.799999,22.799999,32460
2021-08-03,23.02,23.4,22.200001,22.6,22.6,67230
2021-08-04,22.440001,22.6,21.0,21.799999,21.799999,87965
2021-08-05,21.799999,22.0,21.6,22.0,22.0,21945
2021-08-06,22.0,22.0,21.4,21.4,21.4,33930
2021-08-09,21.4,22.200001,21.4,22.0,22.0,33295
2021-08-10,22.200001,22.4,22.0,22.0,22.0,23270
2021-08-11,21.4,21.559999,19.0,20.4,20.4,219635
2021-08-12,20.6,21.6,20.4,20.6,20.6,41320
2021-08-13,21.0,21.0,20.0,20.6,20.6,43870
2021-08-16,20.639999,21.0,19.0,21.0,21.0,89435
2021-08-17,20.4,21.0,19.66,20.4,20.4,35060
2021-08-18,20.6,22.0,19.700001,21.6,21.6,64570
2021-08-19,21.6,21.6,19.700001,20.0,20.0,43020
2021-08-20,20.4,20.6,19.940001,20.4,20.4,65140
2021-08-23,20.6,21.0,20.200001,20.6,20.6,32510
2021-08-24,20.799999,22.200001,20.6,22.200001,22.200001,78830
2021-08-25,21.76,22.200001,21.200001,22.0,22.0,33205
2021-08-26,22.200001,22.4,20.799999,22.200001,22.200001,70430
2021-08-27,22.0,22.200001,21.200001,21.799999,21.799999,75300
2021-08-30,21.6,21.799999,20.780001,21.4,21.4,55620
2021-08-31,21.200001,21.799999,21.0,21.4,21.4,36305
2021-09-01,21.799999,22.0,21.4,21.6,21.6,29205
2021-09-02,21.799999,22.4,21.6,22.4,22.4,98200
2021-09-03,22.200001,22.6,21.5,21.799999,21.799999,118775
2021-09-07,21.6,21.799999,21.200001,21.4,21.4,27225
2021-09-08,21.4,21.4,20.6,20.799999,20.799999,30045
2021-09-09,20.6,20.799999,20.200001,20.200001,20.200001,39960
2021-09-10,20.379999,20.6,20.200001,20.4,20.4,29575
2021-09-13,20.200001,21.0,20.0,20.799999,20.799999,43520
2021-09-14,20.4,20.799999,19.66,19.82,19.82,36360
2021-09-15,20.200001,20.200001,19.02,19.700001,19.700001,62300
2021-09-16,19.52,20.799999,19.4,20.200001,20.200001,45780
2021-09-17,19.98,20.6,19.6,20.200001,20.200001,39500
2021-09-20,19.379999,20.4,19.200001,19.200001,19.200001,45260
2021-09-21,19.4,20.0,19.4,19.4,19.4,117505
2021-09-22,23.0,23.6,21.6,22.6,22.6,984190
2021-09-23,22.200001,24.4,21.4,23.799999,23.799999,299170
2021-09-24,24.6,26.4,23.799999,25.0,25.0,362470
2021-09-27,25.540001,26.6,25.0,26.4,26.4,173175
2021-09-28,26.6,26.6,25.0,26.200001,26.200001,121970
2021-09-29,26.6,27.4,25.0,25.799999,25.799999,166845
2021-09-30,25.6,27.0,25.219999,26.6,26.6,85695
2021-10-01,26.6,29.0,25.799999,29.0,29.0,176530
2021-10-04,29.32,29.32,25.6,26.4,26.4,147425
2021-10-05,27.0,27.799999,19.639999,26.0,26.0,699835
2021-10-06,26.0,26.0,23.799999,25.0,25.0,97440
2021-10-07,24.4,24.719999,22.6,23.0,23.0,98870
2021-10-08,22.6,23.6,22.6,23.6,23.6,42715
2021-10-11,23.200001,24.379999,23.200001,23.4,23.4,43805
2021-10-12,23.24,23.4,22.799999,23.200001,23.200001,33580
2021-10-13,23.799999,24.200001,23.0,23.6,23.6,37380
2021-10-14,23.6,24.0,23.4,23.799999,23.799999,33635
2021-10-15,24.0,24.799999,23.6,24.200001,24.200001,35720
2021-10-18,24.0,24.200001,23.6,23.799999,23.799999,21705
2021-10-19,23.799999,26.0,23.6,25.6,25.6,82215
2021-10-20,25.200001,25.6,24.0,24.799999,24.799999,60395
2021-10-21,24.799999,25.4,24.6,25.4,25.4,45700
2021-10-22,24.4,25.200001,23.6,25.0,25.0,77480
2021-10-25,24.200001,25.200001,23.799999,24.6,24.6,48110
2021-10-26,24.200001,26.5,24.200001,25.799999,25.799999,71700
2021-10-27,26.0,26.16,25.0,25.200001,25.200001,39430
2021-10-28,25.0,25.799999,25.0,25.0,25.0,24760
2021-10-29,25.4,25.4,24.6,25.200001,25.200001,19095
2021-11-01,24.799999,25.799999,24.6,25.799999,25.799999,56320
2021-11-02,25.4,26.0,25.0,25.6,25.6,38050
2021-11-03,25.200001,25.780001,25.0,25.4,25.4,33755
2021-11-04,25.6,25.6,24.0,24.799999,24.799999,54475
2021-11-05,24.4,24.799999,23.4,24.0,24.0,38030
2021-11-08,23.799999,23.799999,23.200001,23.6,23.6,31015
2021-11-09,23.4,23.799999,22.4,23.799999,23.799999,47535
2021-11-10,23.4,23.6,22.6,23.0,23.0,41155
2021-11-11,23.200001,23.6,22.6,22.6,22.6,23290
2021-11-12,23.0,23.4,22.4,23.0,23.0,28855
2021-11-15,23.4,23.4,22.799999,23.200001,23.200001,20210
2021-11-16,22.799999,23.18,21.4,22.0,22.0,69415
2021-11-17,22.0,22.200001,21.0,21.200001,21.200001,52540
2021-11-18,21.200001,21.6,20.4,21.4,21.4,67005
2021-11-19,21.0,22.200001,21.0,21.6,21.6,35110
2021-11-22,21.799999,22.0,20.4,21.4,21.4,49335
2021-11-23,21.0,21.799999,20.0,20.4,20.4,60275
2021-11-24,20.6,21.799999,20.6,21.6,21.6,28950
2021-11-26,20.799999,21.5,20.4,21.4,21.4,21355
2021-11-29,21.200001,21.799999,20.0,21.0,21.0,61010
2021-11-30,20.4,21.0,19.620001,20.6,20.6,52840
2021-12-01,21.0,21.799999,19.799999,20.799999,20.799999,100565
2021-12-02,20.139999,21.0,20.0,20.4,20.4,32080
2021-12-03,20.4,20.76,19.0,19.4,19.4,55900
2021-12-06,19.200001,19.799999,17.0,19.4,19.4,86680
2021-12-07,19.799999,20.799999,19.4,20.200001,20.200001,26845
2021-12-08,20.200001,20.799999,20.0,20.6,20.6,16435
2021-12-09,20.200001,21.0,20.0,20.200001,20.200001,14825
2021-12-10,20.200001,20.799999,20.0,20.200001,20.200001,13920
2021-12-13,20.0,20.200001,19.0,19.6,19.6,27505
2021-12-14,19.5,19.799999,18.4,19.040001,19.040001,31265
2021-12-15,18.959999,19.52,18.02,19.52,19.52,21495
2021-12-16,19.4,19.4,18.42,18.799999,18.799999,24335
2021-12-17,18.639999,19.6,18.200001,19.58,19.58,20345
2021-12-20,19.58,19.799999,18.799999,19.200001,19.200001,20400
2021-12-21,19.059999,20.4,19.0,20.200001,20.200001,18850
2021-12-22,20.0,20.4,20.0,20.200001,20.200001,13175
2021-12-23,20.4,21.0,20.0,20.200001,20.200001,16200
2021-12-27,20.799999,20.799999,19.639999,19.68,19.68,15220
2021-12-28,19.940001,20.0,19.200001,19.92,19.92,20205
2021-12-29,20.0,20.200001,19.42,19.700001,19.700001,18625
2021-12-30,19.6,20.18,19.4,19.4,19.4,20000
2021-12-31,19.219999,19.799999,18.82,19.040001,19.040001,20960
2022-01-03,19.200001,20.0,19.200001,19.76,19.76,13640
2022-01-04,19.799999,20.200001,19.620001,20.0,20.0,12410
2022-01-05,19.68,20.6,19.4,19.6,19.6,14025
2022-01-06,19.76,19.799999,19.200001,19.360001,19.360001,14650
2022-01-07,19.200001,19.799999,19.200001,19.24,19.24,14580
2022-01-10,19.200001,19.360001,18.799999,19.1,19.1,17995
2022-01-11,19.200001,19.5,19.1,19.24,19.24,12785
2022-01-12,19.4,19.799999,18.9,19.4,19.4,18585
2022-01-13,20.0,20.4,18.200001,18.5,18.5,172270
2022-01-14,18.6,19.08,17.6,17.82,17.82,30885
2022-01-18,17.780001,18.0,16.82,17.0,17.0,26260
2022-01-19,17.0,18.6,17.0,18.200001,18.200001,25605
2022-01-20,18.6,19.0,17.799999,18.0,18.0,20325
2022-01-21,18.0,18.799999,17.1,17.280001,17.280001,27540
2022-01-24,17.0,17.540001,15.4,16.780001,16.780001,51025
2022-01-25,16.780001,16.780001,15.76,15.88,15.88,20745
2022-01-26,15.78,16.6,15.6,16.0,16.0,23350
2022-01-27,15.96,16.799999,15.8,16.16,16.16,31765
2022-01-28,16.4,16.6,15.8,16.1,16.1,18390
2022-01-31,16.08,17.799999,16.0,17.620001,17.620001,18595
2022-02-01,17.58,18.799999,17.0,17.4,17.4,12910
2022-02-02,17.4,18.0,16.5,16.799999,16.799999,12395
2022-02-03,17.379999,17.4,16.42,16.799999,16.799999,11350
2022-02-04,16.200001,17.200001,16.200001,16.540001,16.540001,12755
2022-02-07,17.0,17.200001,16.24,16.299999,16.299999,11735
2022-02-08,16.4,16.4,15.68,16.120001,16.120001,15980
2022-02-09,16.120001,17.0,15.84,16.200001,16.200001,11520
2022-02-10,16.219999,16.219999,15.06,15.74,15.74,59085
2022-02-11,15.6,15.94,14.4,15.2,15.2,33930
2022-02-14,15.32,15.4,14.66,14.98,14.98,11155
2022-02-15,15.8,15.84,14.8,15.6,15.6,13085
2022-02-16,15.8,15.8,15.1,15.6,15.6,9580
2022-02-17,15.6,15.6,14.6,15.0,15.0,14685
2022-02-18,14.4,15.14,14.4,14.64,14.64,14025
2022-02-22,14.4,14.4,13.86,14.0,14.0,19700
2022-02-23,14.0,14.5,14.0,14.2,14.2,11990
2022-02-24,13.8,14.58,13.34,14.34,14.34,18245
2022-02-25,14.48,15.2,14.18,14.72,14.72,10410
2022-02-28,14.6,16.0,14.6,15.68,15.68,16660
2022-03-01,15.8,16.200001,15.58,15.8,15.8,13685
2022-03-02,16.280001,16.280001,15.84,16.18,16.18,16200
2022-03-03,16.200001,16.4,15.6,16.219999,16.219999,15905
2022-03-04,16.4,16.4,15.74,16.200001,16.200001,15760
2022-03-07,15.8,20.200001,15.8,18.799999,18.799999,55215
2022-03-08,18.200001,19.200001,17.0,18.42,18.42,22215
2022-03-09,19.219999,19.219999,18.0,18.6,18.6,24670
2022-03-10,18.639999,19.360001,18.200001,18.799999,18.799999,19350
2022-03-11,18.799999,18.799999,18.219999,18.6,18.6,8175
2022-03-14,18.58,18.799999,17.6,18.200001,18.200001,20245
2022-03-15,18.799999,18.98,18.4,18.4,18.4,8935
2022-03-16,18.76,20.0,18.559999,19.799999,19.799999,33040
2022-03-17,20.0,20.4,19.1,20.4,20.4,19460
2022-03-18,20.4,21.4,20.4,21.4,21.4,36375
2022-03-21,21.200001,21.4,20.799999,21.4,21.4,15905
2022-03-22,21.6,21.799999,21.0,21.4,21.4,12220
2022-03-23,21.6,21.6,20.4,20.799999,20.799999,16660
2022-03-24,21.0,21.6,21.0,21.6,21.6,18135
2022-03-25,22.0,22.0,20.6,21.0,21.0,17615
2022-03-28,21.4,21.4,19.799999,21.200001,21.200001,20680
2022-03-29,21.4,21.4,20.0,20.6,20.6,14915
2022-03-30,20.6,21.0,20.200001,20.4,20.4,7960
2022-03-31,20.4,21.0,19.0,19.540001,19.540001,19425
2022-04-01,19.459999,19.6,17.799999,18.6,18.6,26065
2022-04-04,18.34,19.700001,18.34,19.26,19.26,9645
2022-04-05,19.4,19.6,18.200001,18.700001,18.700001,8690
2022-04-06,18.379999,19.0,17.799999,18.0,18.0,10365
2022-04-07,18.200001,18.200001,17.4,17.620001,17.620001,9285
2022-04-08,17.4,17.6,16.02,16.08,16.08,24690
2022-04-11,16.16,16.16,14.6,15.3,15.3,41345
2022-04-12,15.3,16.02,15.2,15.84,15.84,10710
2022-04-13,16.200001,16.200001,15.2,15.26,15.26,11710
2022-04-14,15.22,15.64,15.22,15.58,15.58,3120
2022-04-18,15.48,15.58,14.5,14.92,14.92,22025
2022-04-19,14.8,15.4,14.5,15.3,15.3,8590
2022-04-20,15.0,15.2,14.34,14.48,14.48,8890
2022-04-21,14.4,14.84,14.0,14.68,14.68,10175
2022-04-22,14.6,15.0,13.8,14.2,14.2,12420
2022-04-25,13.8,14.2,13.68,14.06,14.06,9440
2022-04-26,14.8,15.0,14.0,14.04,14.04,6325
2022-04-27,14.6,14.6,14.0,14.0,14.0,4335
2022-04-28,14.3,14.8,13.82,14.74,14.74,9495
2022-04-29,14.58,15.0,14.0,14.46,14.46,7650
2022-05-02,14.46,14.8,14.14,14.2,14.2,6845
2022-05-03,14.26,15.0,14.06,14.94,14.94,7120
2022-05-04,15.18,16.0,14.54,16.0,16.0,4810
2022-05-05,14.8,15.8,14.5,14.56,14.56,10760
2022-05-06,14.4,15.2,14.1,15.0,15.0,4970
2022-05-09,14.6,15.48,14.02,15.08,15.08,16730
2022-05-10,14.6,15.4,14.48,14.8,14.8,8505
2022-05-11,14.6,14.8,14.0,14.22,14.22,10200
2022-05-12,14.0,14.2,12.0,13.26,13.26,28110
2022-05-13,13.2,14.8,13.2,13.98,13.98,8110
2022-05-16,8.04,8.18,7.46,7.58,7.58,470230
2022-05-17,8.0,8.16,7.22,7.54,7.54,131685
2022-05-18,7.24,7.78,6.32,6.72,6.72,124515
2022-05-19,6.8,6.84,6.1,6.1,6.1,77075
2022-05-20,6.58,6.58,4.98,5.4,5.4,309000
2022-05-23,5.4,9.4,5.36,7.6,7.6,884055
2022-05-24,7.6,7.96,6.76,6.88,6.88,161490
2022-05-25,7.2,7.6,7.0,7.24,7.24,53315
2022-05-26,7.6,7.6,7.22,7.28,7.28,25845
2022-05-27,7.4,8.24,7.28,7.6,7.6,41320
2022-05-31,7.6,7.8,7.3,7.34,7.34,26320
2022-06-01,7.34,7.5,7.0,7.12,7.12,11370
2022-06-02,7.22,7.66,7.12,7.6,7.6,24695
2022-06-03,7.46,9.6,7.3,9.2,9.2,59655
2022-06-06,9.6,10.0,8.24,8.44,8.44,88740
2022-06-07,8.2,8.9,7.9,8.82,8.82,31580
2022-06-08,8.74,9.0,8.12,8.98,8.98,17885
2022-06-09,9.2,9.2,8.22,8.64,8.64,15900
2022-06-10,8.6,8.62,8.0,8.04,8.04,16855
2022-06-13,8.26,8.26,7.42,7.46,7.46,16750
2022-06-14,7.56,7.88,7.42,7.76,7.76,10455
2022-06-15,7.92,8.34,7.5,7.82,7.82,18935
2022-06-16,8.2,8.2,7.6,7.88,7.88,9060
2022-06-17,8.18,8.2,6.68,6.68,6.68,17775
2022-06-21,8.04,8.3,7.8,7.94,7.94,43715
2022-06-22,7.94,8.58,7.62,7.9,7.9,13455
2022-06-23,8.0,8.8,8.0,8.32,8.32,18330
2022-06-24,8.08,9.42,8.08,8.48,8.48,52010
2022-06-27,8.56,9.04,8.52,8.8,8.8,24635
2022-06-28,9.2,9.3,8.52,8.52,8.52,24410
2022-06-29,8.88,8.88,8.02,8.22,8.22,12320
2022-06-30,8.2,8.5,7.92,8.2,8.2,12200
2022-07-01,8.4,8.4,7.98,8.18,8.18,10565
2022-07-05,8.4,8.6,8.0,8.26,8.26,8325
2022-07-06,8.54,8.54,8.2,8.2,8.2,5685
2022-07-07,8.4,8.6,8.02,8.3,8.3,9800
2022-07-08,8.3,8.8,8.28,8.38,8.38,13625
2022-07-11,8.44,8.8,8.12,8.54,8.54,7220
2022-07-12,8.72,12.64,8.2,8.4,8.4,277325
2022-07-13,8.4,8.6,8.2,8.32,8.32,13930
2022-07-14,8.74,8.8,8.24,8.56,8.56,10845
2022-07-15,8.56,8.78,8.2,8.4,8.4,9160
2022-07-18,8.2,8.98,8.2,8.4,8.4,9495
2022-07-19,8.38,8.78,8.32,8.36,8.36,7055
2022-07-20,8.5,8.94,8.4,8.66,8.66,7095
2022-07-21,8.8,8.96,8.42,8.88,8.88,6565
2022-07-22,8.98,8.98,8.02,8.24,8.24,17165
2022-07-25,8.08,8.42,8.0,8.22,8.22,5750
2022-07-26,8.2,8.58,7.7,8.0,8.0,9215
2022-07-27,8.0,8.34,7.8,8.12,8.12,14000
2022-07-28,8.02,8.3,8.02,8.02,8.02,7915
2022-07-29,8.02,8.58,8.02,8.2,8.2,6160
2022-08-01,8.3,8.44,7.8,8.44,8.44,11830
2022-08-02,8.2,8.8,8.2,8.62,8.62,9235
2022-08-03,8.62,9.0,8.4,8.8,8.8,11975
2022-08-04,8.8,8.8,8.4,8.62,8.62,10465
2022-08-05,8.6,9.3,8.4,9.16,9.16,16085
2022-08-08,8.9,9.58,8.8,9.38,9.38,12770
2022-08-09,9.8,9.8,8.4,8.78,8.78,22490
2022-08-10,8.8,9.38,8.8,9.38,9.38,6890
2022-08-11,9.2,9.9,9.2,9.8,9.8,12575
2022-08-12,9.8,9.8,8.8,8.9,8.9,16790
2022-08-15,8.78,9.0,8.22,8.7,8.7,8760
2022-08-16,8.58,8.86,8.0,8.46,8.46,15870
2022-08-17,8.1,8.4,8.0,8.0,8.0,9775
2022-08-18,8.38,8.4,8.0,8.02,8.02,6595
2022-08-19,8.36,8.38,8.0,8.32,8.32,9465
2022-08-22,8.02,8.2,8.0,8.14,8.14,7340
2022-08-23,8.04,8.6,8.0,8.26,8.26,7015
2022-08-24,8.14,8.4,8.14,8.28,8.28,2740
2022-08-25,8.4,8.6,8.14,8.4,8.4,3050
2022-08-26,8.0,8.56,8.0,8.28,8.28,4440
2022-08-29,8.2,8.6,8.0,8.26,8.26,5580
2022-08-30,8.38,8.46,8.1,8.24,8.24,5495
2022-08-31,8.24,8.24,8.0,8.06,8.06,6105
2022-09-01,8.04,8.4,8.0,8.0,8.0,10175
2022-09-02,8.0,8.2,7.64,7.86,7.86,11980
2022-09-06,7.76,8.2,7.7,8.04,8.04,9240
2022-09-07,8.02,8.38,7.96,8.3,8.3,7510
2022-09-08,8.34,8.34,7.8,7.96,7.96,5290
2022-09-09,7.82,8.2,7.82,7.9,7.9,8495
2022-09-12,8.2,8.2,7.76,7.78,7.78,6925
2022-09-13,8.0,8.0,7.7,7.86,7.86,4825
2022-09-14,7.74,8.0,7.6,7.68,7.68,4820
2022-09-15,7.8,8.0,7.56,7.7,7.7,10400
2022-09-16,7.5,7.92,7.04,7.2,7.2,15060
2022-09-19,8.1,8.3,6.84,8.2,8.2,45975
2022-09-20,8.3,8.3,7.8,8.2,8.2,20715
2022-09-21,8.4,8.4,7.36,7.9,7.9,8195
2022-09-22,8.2,8.2,7.66,7.9,7.9,9300
2022-09-23,7.68,8.2,7.6,7.64,7.64,7970
2022-09-26,7.42,8.18,7.4,7.64,7.64,15135
2022-09-27,7.42,8.0,7.4,7.46,7.46,5645
2022-09-28,7.4,7.78,7.2,7.44,7.44,11480
2022-09-29,7.6,7.78,7.2,7.28,7.28,6810
2022-09-30,7.22,7.56,7.2,7.2,7.2,11915
2022-10-03,7.26,7.96,7.22,7.38,7.38,8140
2022-10-04,7.42,7.8,7.32,7.4,7.4,5355
2022-10-05,6.82,7.4,6.74,7.18,7.18,13660
2022-10-06,7.0,7.6,6.84,7.18,7.18,10130
2022-10-07,7.0,7.0,6.6,6.6,6.6,7630
2022-10-10,6.6,7.0,6.44,6.72,6.72,6700
2022-10-11,6.74,7.0,6.6,6.72,6.72,5800
2022-10-12,6.42,6.98,6.04,6.14,6.14,18590
2022-10-13,6.08,6.46,6.04,6.1,6.1,13250
2022-10-14,6.1,7.26,6.04,6.1,6.1,19025
2022-10-17,6.14,6.6,5.72,6.12,6.12,26605
2022-10-18,6.02,6.4,6.0,6.02,6.02,7095
2022-10-19,5.8,6.18,5.7,5.7,5.7,15450
2022-10-20,5.6,5.88,5.6,5.7,5.7,11875
2022-10-21,5.6,5.86,5.46,5.6,5.6,20420
2022-10-24,5.68,5.68,5.22,5.28,5.28,18540
2022-10-25,5.5,5.86,5.4,5.42,5.42,57250
2022-10-26,5.5,5.5,5.16,5.16,5.16,28315
2022-10-27,5.4,5.5,5.0,5.06,5.06,36170
2022-10-28,5.34,5.5,5.02,5.16,5.16,7930
2022-10-31,5.36,5.6,5.26,5.46,5.46,7415
2022-11-01,5.46,5.62,5.32,5.32,5.32,6515
2022-11-02,5.6,5.6,5.2,5.24,5.24,11675
2022-11-03,5.4,5.44,5.18,5.22,5.22,7975
2022-11-04,5.06,5.3,4.2,4.9,4.9,63395
2022-11-07,5.0,5.28,4.8,5.24,5.24,12560
2022-11-08,5.24,5.24,4.76,4.96,4.96,14340
2022-11-09,4.9,4.94,4.78,4.86,4.86,14845
2022-11-10,4.6,5.3,4.6,4.88,4.88,29755
2022-11-11,4.8,5.8,4.8,5.16,5.16,18310
2022-11-14,5.3,5.3,5.04,5.14,5.14,7920
2022-11-15,5.2,5.64,5.02,5.46,5.46,15330
2022-11-16,5.5,5.8,5.4,5.46,5.46,19970
2022-11-17,5.1,5.76,5.1,5.76,5.76,9730
2022-11-18,5.7,6.18,5.7,6.0,6.0,9695
2022-11-21,6.2,6.2,5.8,5.9,5.9,9110
2022-11-22,6.0,6.9,5.8,6.14,6.14,17160
2022-11-23,6.4,6.4,6.14,6.26,6.26,5860
2022-11-25,6.58,6.6,6.26,6.48,6.48,2525
2022-11-28,6.6,7.6,6.6,7.4,7.4,19900
2022-11-29,7.2,7.28,7.0,7.26,7.26,13170
2022-11-30,7.2,7.94,7.2,7.7,7.7,15875
2022-12-01,8.0,10.0,7.78,9.5,9.5,56000
2022-12-02,9.8,11.8,7.8,10.9,10.9,108680
2022-12-05,11.6,11.8,9.98,10.08,10.08,34420
2022-12-06,10.08,10.3,9.8,9.88,9.88,14030
2022-12-07,9.78,10.0,7.66,8.42,8.42,27475
2022-12-08,8.26,8.38,7.86,8.0,8.0,15685
2022-12-09,8.6,8.96,7.92,8.12,8.12,6485
2022-12-12,8.12,8.54,8.12,8.22,8.22,4775
2022-12-13,8.46,9.0,8.2,8.68,8.68,12220
2022-12-14,8.8,8.9,8.2,8.2,8.2,3960
2022-12-15,8.36,8.6,8.04,8.06,8.06,4425
2022-12-16,8.0,8.3,7.66,7.9,7.9,10000
2022-12-19,7.76,7.98,7.04,7.3,7.3,6390
2022-12-20,7.0,7.5,7.0,7.0,7.0,8010
2022-12-21,7.02,7.42,6.8,7.1,7.1,7420
2022-12-22,6.96,7.42,6.8,7.2,7.2,4590
2022-12-23,7.2,7.3,6.8,6.8,6.8,6410
2022-12-27,6.8,7.0,6.4,6.5,6.5,13480
2022-12-28,6.4,6.6,6.2,6.4,6.4,6990
2022-12-29,6.26,6.6,6.0,6.36,6.36,7285
2022-12-30,6.0,6.2,6.0,6.14,6.14,7380
2023-01-03,6.0,6.38,5.82,6.32,6.32,7225
2023-01-04,6.32,7.9,6.26,7.0,7.0,18750
2023-01-05,7.4,7.9,6.8,7.6,7.6,9325
2023-01-06,7.3,7.98,7.3,7.38,7.38,5415
2023-01-09,7.4,7.8,7.0,7.32,7.32,18595
2023-01-10,7.48,7.8,7.2,7.68,7.68,11030
2023-01-11,7.8,8.36,7.4,8.0,8.0,10315
2023-01-12,8.2,9.98,8.2,9.0,9.0,45560
2023-01-13,10.0,10.22,9.0,9.66,9.66,35420
2023-01-17,10.2,10.2,8.6,9.1,9.1,22920
2023-01-18,9.28,9.6,8.02,8.6,8.6,27070
2023-01-19,8.4,9.16,8.4,8.5,8.5,6660
2023-01-20,8.82,8.82,8.24,8.4,8.4,5345
2023-01-23,8.6,8.6,8.2,8.6,8.6,8725
2023-01-24,8.4,8.9,8.38,8.5,8.5,11540
2023-01-25,8.8,8.8,7.62,8.3,8.3,10605
2023-01-26,8.52,8.9,7.62,8.48,8.48,17725
2023-01-27,8.9,9.6,8.44,9.1,9.1,50090
2023-01-30,10.0,10.96,9.28,10.86,10.86,62055
2023-01-31,11.4,12.96,10.2,10.6,10.6,98490
2023-02-01,10.26,11.14,10.26,10.7,10.7,19815
2023-02-02,10.6,12.4,10.6,11.8,11.8,32095
2023-02-03,12.0,12.0,11.36,11.5,11.5,18595
2023-02-06,12.6,13.5,11.82,12.14,12.14,74220
2023-02-07,12.4,12.8,10.5,11.0,11.0,40900
2023-02-08,11.4,12.0,11.2,11.6,11.6,29230
2023-02-09,12.0,12.0,10.3,10.6,10.6,27960
2023-02-10,10.74,10.74,8.66,8.96,8.96,66685
2023-02-13,9.4,9.4,7.82,8.38,8.38,34365
2023-02-14,8.4,8.8,7.84,7.92,7.92,25605
2023-02-15,8.58,8.88,8.0,8.68,8.68,15950
2023-02-16,8.78,9.22,8.2,8.68,8.68,14310
2023-02-17,8.6,8.8,8.22,8.48,8.48,5640
2023-02-21,8.4,8.9,8.02,8.02,8.02,12540
2023-02-22,8.2,8.6,8.02,8.08,8.08,3965
2023-02-23,9.26,9.64,8.2,8.76,8.76,31860
2023-02-24,8.52,9.0,8.2,8.2,8.2,10250
2023-02-27,8.58,9.2,8.22,8.9,8.9,16470
2023-02-28,8.6,9.0,8.34,8.52,8.52,12495
2023-03-01,8.42,9.0,8.4,8.64,8.64,11805
2023-03-02,9.0,9.0,8.4,8.56,8.56,7710
2023-03-03,8.4,9.0,8.4,8.68,8.68,16115
2023-03-06,9.0,9.2,8.44,8.94,8.94,9555
2023-03-07,8.94,9.0,8.42,8.62,8.62,9165
2023-03-08,8.76,8.8,7.92,8.2,8.2,39925
2023-03-09,8.2,8.2,6.02,6.78,6.78,72220
2023-03-10,7.4,7.4,6.02,6.2,6.2,41550
2023-03-13,6.6,6.6,6.4,6.52,6.52,7595
2023-03-14,6.52,7.16,6.48,6.54,6.54,10955
2023-03-15,6.5,6.96,6.34,6.6,6.6,7780
2023-03-16,6.6,7.0,6.6,6.74,6.74,18505
2023-03-17,7.0,7.14,6.6,6.8,6.8,23620
2023-03-20,6.88,6.88,6.3,6.68,6.68,10785
2023-03-21,6.8,7.16,6.32,6.9,6.9,22225
2023-03-22,6.68,6.68,5.62,6.22,6.22,17485
2023-03-23,6.22,6.4,5.8,5.96,5.96,18640
2023-03-24,5.86,6.16,5.7,6.0,6.0,9920
2023-03-27,6.0,6.0,5.32,5.6,5.6,15780
2023-03-28,5.64,5.9,5.5,5.8,5.8,10200
2023-03-29,5.7,6.0,5.6,5.68,5.68,8120
2023-03-30,6.0,6.0,5.52,5.54,5.54,11395
2023-03-31,5.6,6.66,5.54,6.54,6.54,73025
2023-04-03,6.44,6.7,5.72,6.22,6.22,62080
2023-04-04,6.22,6.22,5.6,5.9,5.9,18335
2023-04-05,5.68,6.0,5.32,5.54,5.54,20915
2023-04-06,5.38,5.6,5.3,5.44,5.44,8710
2023-04-10,5.38,6.0,5.2,5.58,5.58,18390
2023-04-11,5.56,5.78,5.38,5.6,5.6,6525
2023-04-12,5.78,5.78,5.0,5.52,5.52,165400
2023-04-13,6.76,9.8,6.04,9.8,9.8,702815
2023-04-14,11.5,13.88,6.26,7.6,7.6,2061745
2023-04-17,6.42,6.8,5.44,6.36,6.36,347535
2023-04-18,5.7,6.28,5.44,5.74,5.74,121660
2023-04-19,5.4,6.16,5.4,5.6,5.6,91495
2023-04-20,5.7,5.8,5.02,5.54,5.54,93255
2023-04-21,4.6,4.7,3.7,3.74,3.74,384335
2023-04-24,3.45,3.57,3.16,3.23,3.23,158800
2023-04-25,3.4,4.07,2.85,3.115,3.115,1563700
2023-04-26,3.08,3.268,2.47,2.59,2.59,323600
2023-04-27,2.6,3.108,2.6,3.05,3.05,298100
2023-04-28,2.95,3.35,2.73,2.84,2.84,247600
2023-05-01,2.83,2.867,2.68,2.68,2.68,143400
2023-05-02,2.68,3.198,2.56,2.99,2.99,229400
2023-05-03,3.0,3.541,2.9,3.15,3.15,323700
2023-05-04,3.1,3.49,2.714,2.87,2.87,298500
2023-05-05,2.89,3.3,2.89,3.26,3.26,128900
2023-05-08,3.28,3.89,3.28,3.59,3.59,267100
2023-05-09,3.51,3.82,3.369,3.39,3.39,177800
2023-05-10,3.44,4.05,3.36,3.85,3.85,195100
2023-05-11,3.84,4.24,3.62,3.85,3.85,140100
2023-05-12,4.04,4.06,3.59,3.79,3.79,140600
2023-05-15,3.87,3.87,3.24,3.42,3.42,189600
2023-05-16,3.09,3.15,2.51,2.74,2.74,267000
2023-05-17,2.84,3.05,2.68,2.89,2.89,122800
2023-05-18,2.89,3.24,2.89,3.13,3.13,145400
2023-05-19,3.15,3.315,3.1,3.12,3.12,45600
2023-05-22,3.12,3.59,3.03,3.1,3.1,236700
2023-05-23,3.16,3.57,3.08,3.15,3.15,230300
2023-05-24,3.15,3.235,2.94,3.14,3.14,110400
2023-05-25,3.4,3.57,2.9,2.95,2.95,168100
2023-05-26,3.01,3.2,2.96,3.03,3.03,141300
2023-05-30,3.2,3.51,3.06,3.49,3.49,272800
2023-05-31,3.43,3.58,3.101,3.23,3.23,375600
2023-06-01,3.26,3.577,3.151,3.33,3.33,81900
2023-06-02,3.44,3.57,3.33,3.53,3.53,69000
2023-06-05,3.52,3.72,3.42,3.47,3.47,79100
2023-06-06,3.5,3.66,3.336,3.58,3.58,50800
2023-06-07,3.66,3.66,3.31,3.41,3.41,66300
2023-06-08,3.42,3.42,3.26,3.36,3.36,34300
2023-06-09,3.39,3.39,3.15,3.19,3.19,62600
2023-06-12,3.26,3.32,3.07,3.11,3.11,93200
2023-06-13,3.15,3.42,3.1,3.29,3.29,178900
2023-06-14,3.3,3.409,3.11,3.12,3.12,75500
2023-06-15,3.12,3.47,3.11,3.44,3.44,66700
2023-06-16,3.49,3.63,3.335,3.62,3.62,88600
2023-06-20,3.8,4.55,3.64,4.45,4.45,434600
2023-06-21,4.3,4.33,3.7,3.83,3.83,136200
2023-06-22,4.11,4.569,3.85,4.46,4.46,192300
2023-06-23,4.53,4.54,4.01,4.18,4.18,163200
2023-06-26,4.15,4.59,3.91,4.52,4.52,489800
2023-06-27,4.63,4.82,4.01,4.65,4.65,429500
2023-06-28,4.55,5.3,4.4,5.13,5.13,264600
2023-06-29,5.48,5.79,4.65,4.89,4.89,460900
2023-06-30,5.0,5.21,4.684,4.86,4.86,140400
2023-07-03,4.77,5.0,4.75,4.845,4.845,49900
2023-07-05,4.83,5.0,4.75,4.95,4.95,118200
2023-07-06,4.87,4.92,4.65,4.81,4.81,120000
2023-07-07,4.81,5.0,4.74,5.0,5.0,46000
2023-07-10,5.05,5.4,4.945,5.15,5.15,73100
2023-07-11,5.22,5.6,5.2,5.6,5.6,163500
2023-07-12,5.75,6.22,5.654,6.14,6.14,155000
2023-07-13,6.3,6.74,5.82,6.49,6.49,131800
2023-07-14,6.4,6.4,5.661,5.84,5.84,150400
2023-07-17,6.11,6.8,5.91,6.64,6.64,144700
2023-07-18,7.0,7.12,6.2,6.31,6.31,192800
2023-07-19,6.46,6.46,6.04,6.21,6.21,120400
2023-07-20,6.15,6.246,6.0,6.15,6.15,80400
2023-07-21,6.18,6.18,5.4,5.86,5.86,100600
2023-07-24,5.74,5.882,5.5,5.51,5.51,61400
2023-07-25,5.42,5.51,4.78,4.93,4.93,100300
2023-07-26,4.78,5.44,4.76,5.26,5.26,72400
2023-07-27,5.38,5.723,5.04,5.12,5.12,54300
2023-07-28,5.05,5.501,5.02,5.36,5.36,51600
2023-07-31,5.34,5.94,5.34,5.8,5.8,62900
2023-08-01,5.87,5.87,5.611,5.78,5.78,36800
2023-08-02,5.76,5.78,5.24,5.49,5.49,51100
2023-08-03,5.61,5.61,5.17,5.27,5.27,40000
2023-08-04,5.3,5.6,5.2,5.34,5.34,78400
2023-08-07,5.45,5.58,5.01,5.08,5.08,34900
2023-08-08,5.0,5.25,4.88,5.13,5.13,31000
2023-08-09,5.11,5.11,4.81,4.89,4.89,37100
2023-08-10,4.83,5.08,4.76,4.77,4.77,43500
2023-08-11,4.76,4.92,4.76,4.86,4.86,19200
2023-08-14,4.78,4.9,4.76,4.81,4.81,20900
2023-08-15,4.76,4.965,4.7,4.76,4.76,26600
2023-08-16,4.84,4.895,4.7,4.8,4.8,22500
2023-08-17,4.85,4.88,4.7,4.85,4.85,43100
2023-08-18,4.76,4.85,4.71,4.72,4.72,18400
2023-08-21,4.76,4.92,4.2,4.28,4.28,45300
2023-08-22,4.25,4.6,4.2,4.34,4.34,95700
2023-08-23,4.25,4.48,4.25,4.48,4.48,27100
2023-08-24,4.51,4.69,4.27,4.6,4.6,39400
2023-08-25,4.6,4.6,4.28,4.37,4.37,34800
2023-08-28,4.43,4.43,4.212,4.38,4.38,14700
2023-08-29,4.48,4.7,4.24,4.4,4.4,43100
2023-08-30,4.4,4.61,4.286,4.39,4.39,11000
2023-08-31,4.36,4.48,4.29,4.32,4.32,11000
2023-09-01,4.25,4.54,4.25,4.37,4.37,29400
2023-09-05,4.45,4.603,4.22,4.36,4.36,10700
2023-09-06,4.33,4.41,4.05,4.07,4.07,26600
2023-09-07,4.05,4.1,3.65,3.74,3.74,24800
2023-09-08,3.66,3.95,3.66,3.94,3.94,21200
2023-09-11,3.9,3.9,3.63,3.71,3.71,47500
2023-09-12,3.71,3.79,3.61,3.61,3.61,18300
2023-09-13,3.64,3.71,3.25,3.37,3.37,51700
2023-09-14,3.37,3.49,3.21,3.21,3.21,53300
2023-09-15,3.35,3.35,3.06,3.21,3.21,46100
2023-09-18,3.15,3.23,3.1,3.11,3.11,19200
2023-09-19,3.09,3.15,3.065,3.15,3.15,13400
2023-09-20,3.1,3.42,3.071,3.17,3.17,31900
2023-09-21,3.19,3.29,3.09,3.21,3.21,18000
2023-09-22,3.155,3.245,2.96,2.96,2.96,13700
2023-09-25,3.0,3.29,2.92,3.12,3.12,28700
2023-09-26,3.07,3.205,3.05,3.16,3.16,10000
2023-09-27,3.13,3.29,3.13,3.28,3.28,8800
2023-09-28,3.15,3.38,3.05,3.05,3.05,22100
2023-09-29,3.16,3.299,3.159,3.2,3.2,9100
2023-10-02,3.18,3.2,3.071,3.165,3.165,9400
2023-10-03,3.08,3.27,3.08,3.26,3.26,14800
2023-10-04,3.26,3.39,3.14,3.335,3.335,16600
2023-10-05,3.34,3.45,3.16,3.4,3.4,17700
2023-10-06,3.333,3.52,3.29,3.5,3.5,11500
2023-10-09,3.45,3.5,3.3,3.31,3.31,18100
2023-10-10,3.43,3.605,3.39,3.5,3.5,21300
2023-10-11,3.54,4.095,3.54,3.97,3.97,49700
2023-10-12,3.88,3.979,3.7,3.9,3.9,24200
2023-10-13,3.86,3.96,3.69,3.96,3.96,11000
2023-10-16,3.86,4.05,3.86,3.91,3.91,28400
2023-10-17,3.95,4.02,3.79,3.89,3.89,19600
2023-10-18,3.8,3.875,3.65,3.65,3.65,5300
2023-10-19,3.65,4.021,3.53,3.6,3.6,15000
2023-10-20,3.54,3.84,3.32,3.34,3.34,36000
2023-10-23,3.28,3.315,3.2,3.2,3.2,8900
2023-10-24,3.14,3.2,3.1,3.14,3.14,11900
2023-10-25,3.06,3.105,3.011,3.05,3.05,7300
2023-10-26,3.01,3.03,2.86,2.86,2.86,33700
2023-10-27,2.88,2.92,2.82,2.86,2.86,8600
2023-10-30,2.81,2.921,2.8,2.86,2.86,13000
2023-10-31,2.82,3.03,2.82,3.0,3.0,16700
2023-11-01,3.0,3.18,2.994,3.18,3.18,8700
2023-11-02,2.97,3.415,2.97,3.4,3.4,24600
2023-11-03,3.37,3.649,3.37,3.45,3.45,17400
2023-11-06,3.44,3.6,3.31,3.31,3.31,16500
2023-11-07,3.24,3.41,3.13,3.15,3.15,12500
2023-11-08,3.18,3.25,3.18,3.25,3.25,7500
2023-11-09,3.25,3.488,3.2,3.37,3.37,16700
2023-11-10,3.16,3.359,3.15,3.2,3.2,8900
2023-11-13,3.16,3.272,3.012,3.19,3.19,17700
2023-11-14,3.29,3.29,3.09,3.1,3.1,25100
2023-11-15,3.29,3.29,3.11,3.17,3.17,20600
2023-11-16,3.11,3.119,2.9,3.0,3.0,21600
2023-11-17,3.0,3.081,2.86,2.86,2.86,12400
2023-11-20,2.83,3.05,2.82,3.04,3.04,19700
2023-11-21,2.96,3.03,2.94,3.01,3.01,9900
2023-11-22,2.94,3.02,2.84,2.95,2.95,20200
2023-11-24,2.95,3.032,2.84,3.01,3.01,8800
2023-11-27,3.0,3.072,2.9,2.91,2.91,13700
2023-11-28,3.01,3.1,2.91,3.03,3.03,23500
2023-11-29,2.98,3.16,2.98,3.09,3.09,14400
2023-11-30,3.09,3.3,3.09,3.27,3.27,32500
2023-12-01,3.19,3.3,3.09,3.2,3.2,12200
2023-12-04,3.22,3.32,3.1,3.29,3.29,11000
2023-12-05,3.21,3.337,3.137,3.295,3.295,8200
2023-12-06,3.17,3.3,3.09,3.29,3.29,15700
2023-12-07,3.15,3.175,2.99,2.99,2.99,14600
2023-12-08,3.0,3.1,2.93,3.07,3.07,9000
2023-12-11,3.02,3.193,3.01,3.16,3.16,8900
2023-12-12,2.95,3.106,2.95,2.96,2.96,18400
2023-12-13,2.99,2.99,2.86,2.9,2.9,11600
2023-12-14,2.99,3.19,2.86,3.09,3.09,20800
2023-12-15,3.16,3.31,3.07,3.16,3.16,26900
2023-12-18,3.19,3.28,3.07,3.1,3.1,15200
2023-12-19,3.14,3.18,3.013,3.06,3.06,10600
2023-12-20,3.09,3.107,2.86,2.91,2.91,32100
2023-12-21,2.88,3.07,2.88,2.96,2.96,12300
2023-12-22,3.03,3.175,2.991,3.16,3.16,22000
2023-12-26,3.12,3.49,3.04,3.3,3.3,60200
2023-12-27,3.32,3.35,3.15,3.29,3.29,29100
2023-12-28,3.32,3.401,3.182,3.39,3.39,31900
2023-12-29,3.32,3.43,3.26,3.29,3.29,19100
2024-01-02,3.25,3.54,3.25,3.525,3.525,23900
2024-01-03,3.53,3.54,3.275,3.38,3.38,24300
2024-01-04,3.32,3.45,3.32,3.34,3.34,3000
2024-01-05,3.45,3.45,3.051,3.11,3.11,24800
2024-01-08,3.16,3.28,2.91,3.25,3.25,23000
2024-01-09,3.2,3.2,3.0,3.1,3.1,6500
2024-01-10,3.1,3.13,2.99,3.03,3.03,14800
2024-01-11,2.95,3.03,2.88,2.89,2.89,15200
2024-01-12,2.86,2.982,2.86,2.88,2.88,12000
2024-01-16,3.07,3.08,2.87,2.87,2.87,11800
2024-01-17,3.01,3.01,2.61,2.77,2.77,23200
2024-01-18,2.72,2.79,2.673,2.72,2.72,12600
2024-01-19,2.81,2.95,2.73,2.95,2.95,12600
2024-01-22,3.09,3.19,3.0,3.05,3.05,33900
2024-01-23,3.055,3.452,3.046,3.28,3.28,31500
2024-01-24,3.28,3.38,3.076,3.21,3.21,29400
2024-01-25,3.184,3.184,2.83,3.02,3.02,31500
2024-01-26,3.02,3.24,3.02,3.07,3.07,15900
2024-01-29,3.11,3.192,3.05,3.14,3.14,6300
2024-01-30,3.08,3.13,3.03,3.06,3.06,5800
2024-01-31,3.04,3.15,3.04,3.07,3.07,9300
2024-02-01,3.13,3.15,3.029,3.13,3.13,6000
2024-02-02,3.01,3.119,3.0,3.08,3.08,14200
2024-02-05,3.01,3.09,2.756,2.84,2.84,16700
2024-02-06,2.92,2.92,2.8,2.85,2.85,14300
2024-02-07,2.93,3.01,2.93,2.96,2.96,7600
2024-02-08,2.91,2.96,2.87,2.92,2.92,7900
2024-02-09,2.95,3.0,2.837,2.93,2.93,17200
2024-02-12,2.95,3.18,2.945,3.04,3.04,22900
2024-02-13,3.1,3.1,3.0,3.0,3.0,10400
2024-02-14,3.11,3.16,3.013,3.1,3.1,10500
2024-02-15,3.18,3.28,3.16,3.25,3.25,17000
2024-02-16,3.36,3.43,3.21,3.25,3.25,34900
2024-02-20,3.3,3.5,3.25,3.43,3.43,23600
2024-02-21,3.51,3.73,3.42,3.67,3.67,27100
2024-02-22,3.75,3.76,3.49,3.51,3.51,21900
2024-02-23,3.6,3.6,3.4,3.42,3.42,16400
2024-02-26,3.4,3.55,3.318,3.4,3.4,38100
2024-02-27,3.51,3.67,3.22,3.26,3.26,82000
2024-02-28,3.2,3.274,3.0,3.02,3.02,29300
2024-02-29,3.04,3.16,3.03,3.08,3.08,11300
2024-03-01,3.1,3.172,2.99,3.03,3.03,21500
2024-03-04,3.07,3.15,2.9,2.96,2.96,29500
2024-03-05,2.93,3.0,2.841,2.87,2.87,26300
2024-03-06,2.95,2.971,2.758,2.81,2.81,45600
2024-03-07,2.87,2.97,2.8,2.86,2.86,22400
2024-03-08,2.99,3.11,2.9,2.91,2.91,20600
2024-03-11,2.97,2.97,2.82,2.9,2.9,18300
2024-03-12,2.95,3.0,2.85,2.85,2.85,20100
2024-03-13,2.91,3.11,2.85,2.85,2.85,33300
2024-03-14,2.96,3.05,2.65,2.65,2.65,40000
2024-03-15,2.63,2.67,2.5,2.64,2.64,38900
2024-03-18,2.7,2.83,2.609,2.7,2.7,30500
2024-03-19,2.7,2.753,2.55,2.61,2.61,12400
2024-03-20,2.57,2.72,2.561,2.58,2.58,22100
2024-03-21,2.63,2.69,2.55,2.625,2.625,17200
2024-03-22,2.58,2.7,2.49,2.67,2.67,27000
2024-03-25,2.64,2.765,2.55,2.61,2.61,21600
2024-03-26,2.65,2.707,2.586,2.67,2.67,14900
2024-03-27,2.6,2.81,2.57,2.78,2.78,9900
2024-03-28,2.78,2.78,2.55,2.55,2.55,31600
2024-04-01,2.62,2.62,2.19,2.27,2.27,85200
2024-04-02,2.29,2.29,1.95,2.05,2.05,56000
2024-04-03,2.01,2.34,1.9,1.96,1.96,27600
2024-04-04,1.97,2.02,1.91,1.96,1.96,14200
2024-04-05,1.97,2.044,1.916,1.916,1.916,24400
2024-04-08,1.96,2.09,1.9,1.91,1.91,32500
2024-04-09,1.99,1.99,1.76,1.76,1.76,38000
2024-04-10,1.68,1.83,1.68,1.73,1.73,45100
2024-04-11,1.78,1.95,1.73,1.78,1.78,11900
2024-04-12,1.86,1.89,1.72,1.76,1.76,10300
2024-04-15,1.79,1.79,1.455,1.51,1.51,41800
2024-04-16,1.46,1.5,1.35,1.39,1.39,28600
2024-04-17,1.43,1.5,1.299,1.299,1.299,14800
2024-04-18,1.3,1.41,1.15,1.15,1.15,67100
2024-04-19,1.25,1.37,1.16,1.17,1.17,49200
